"site";"lat";"lon";"year";"month";"tmean";"prec"
"b1";"50,07";"10,44";"1881";"1";"-6,7";"29"
"b1";"50,07";"10,44";"1881";"2";"0,1";"48"
"b1";"50,07";"10,44";"1881";"3";"2,9";"90"
"b1";"50,07";"10,44";"1881";"4";"5,2";"34"
"b1";"50,07";"10,44";"1881";"5";"11,7";"48"
"b1";"50,07";"10,44";"1881";"6";"15,2";"55"
"b1";"50,07";"10,44";"1881";"7";"18,4";"52"
"b1";"50,07";"10,44";"1881";"8";"15,8";"108"
"b1";"50,07";"10,44";"1881";"9";"11,4";"54"
"b1";"50,07";"10,44";"1881";"10";"4,2";"68"
"b1";"50,07";"10,44";"1881";"11";"4,9";"24"
"b1";"50,07";"10,44";"1881";"12";"0,2";"45"
"b1";"50,07";"10,44";"1882";"1";"-0,8";"22"
"b1";"50,07";"10,44";"1882";"2";"0,5";"32"
"b1";"50,07";"10,44";"1882";"3";"5,3";"38"
"b1";"50,07";"10,44";"1882";"4";"7,2";"48"
"b1";"50,07";"10,44";"1882";"5";"11,7";"65"
"b1";"50,07";"10,44";"1882";"6";"14,0";"90"
"b1";"50,07";"10,44";"1882";"7";"16,1";"166"
"b1";"50,07";"10,44";"1882";"8";"14,3";"79"
"b1";"50,07";"10,44";"1882";"9";"12,3";"108"
"b1";"50,07";"10,44";"1882";"10";"8,4";"85"
"b1";"50,07";"10,44";"1882";"11";"3,7";"163"
"b1";"50,07";"10,44";"1882";"12";"0,3";"105"
"b1";"50,07";"10,44";"1883";"1";"-0,7";"47"
"b1";"50,07";"10,44";"1883";"2";"2,0";"19"
"b1";"50,07";"10,44";"1883";"3";"-2,1";"32"
"b1";"50,07";"10,44";"1883";"4";"5,6";"15"
"b1";"50,07";"10,44";"1883";"5";"12,4";"58"
"b1";"50,07";"10,44";"1883";"6";"16,4";"43"
"b1";"50,07";"10,44";"1883";"7";"16,1";"102"
"b1";"50,07";"10,44";"1883";"8";"15,5";"36"
"b1";"50,07";"10,44";"1883";"9";"12,9";"71"
"b1";"50,07";"10,44";"1883";"10";"7,9";"62"
"b1";"50,07";"10,44";"1883";"11";"3,8";"75"
"b1";"50,07";"10,44";"1883";"12";"0,2";"75"
"b1";"50,07";"10,44";"1884";"1";"2,4";"56"
"b1";"50,07";"10,44";"1884";"2";"2,0";"34"
"b1";"50,07";"10,44";"1884";"3";"4,2";"22"
"b1";"50,07";"10,44";"1884";"4";"5,8";"21"
"b1";"50,07";"10,44";"1884";"5";"12,5";"54"
"b1";"50,07";"10,44";"1884";"6";"12,9";"64"
"b1";"50,07";"10,44";"1884";"7";"18,1";"73"
"b1";"50,07";"10,44";"1884";"8";"16,7";"60"
"b1";"50,07";"10,44";"1884";"9";"13,3";"22"
"b1";"50,07";"10,44";"1884";"10";"7,2";"75"
"b1";"50,07";"10,44";"1884";"11";"0,9";"36"
"b1";"50,07";"10,44";"1884";"12";"1,1";"99"
"b1";"50,07";"10,44";"1885";"1";"-3,6";"17"
"b1";"50,07";"10,44";"1885";"2";"2,3";"47"
"b1";"50,07";"10,44";"1885";"3";"2,1";"55"
"b1";"50,07";"10,44";"1885";"4";"9,3";"17"
"b1";"50,07";"10,44";"1885";"5";"9,8";"62"
"b1";"50,07";"10,44";"1885";"6";"16,9";"46"
"b1";"50,07";"10,44";"1885";"7";"16,8";"71"
"b1";"50,07";"10,44";"1885";"8";"14,2";"47"
"b1";"50,07";"10,44";"1885";"9";"12,3";"71"
"b1";"50,07";"10,44";"1885";"10";"7,2";"85"
"b1";"50,07";"10,44";"1885";"11";"2,4";"61"
"b1";"50,07";"10,44";"1885";"12";"-1,3";"55"
"b1";"50,07";"10,44";"1886";"1";"-2,1";"44"
"b1";"50,07";"10,44";"1886";"2";"-3,1";"20"
"b1";"50,07";"10,44";"1886";"3";"-0,2";"46"
"b1";"50,07";"10,44";"1886";"4";"8,7";"35"
"b1";"50,07";"10,44";"1886";"5";"12,5";"62"
"b1";"50,07";"10,44";"1886";"6";"14,1";"112"
"b1";"50,07";"10,44";"1886";"7";"16,5";"65"
"b1";"50,07";"10,44";"1886";"8";"16,7";"42"
"b1";"50,07";"10,44";"1886";"9";"14,7";"40"
"b1";"50,07";"10,44";"1886";"10";"9,0";"60"
"b1";"50,07";"10,44";"1886";"11";"4,4";"63"
"b1";"50,07";"10,44";"1886";"12";"0,5";"125"
"b1";"50,07";"10,44";"1887";"1";"-5,8";"6"
"b1";"50,07";"10,44";"1887";"2";"-1,4";"15"
"b1";"50,07";"10,44";"1887";"3";"0,7";"58"
"b1";"50,07";"10,44";"1887";"4";"6,8";"24"
"b1";"50,07";"10,44";"1887";"5";"10,0";"105"
"b1";"50,07";"10,44";"1887";"6";"15,5";"21"
"b1";"50,07";"10,44";"1887";"7";"18,9";"58"
"b1";"50,07";"10,44";"1887";"8";"15,4";"50"
"b1";"50,07";"10,44";"1887";"9";"11,4";"41"
"b1";"50,07";"10,44";"1887";"10";"4,7";"34"
"b1";"50,07";"10,44";"1887";"11";"2,0";"49"
"b1";"50,07";"10,44";"1887";"12";"-2,2";"78"
"b1";"50,07";"10,44";"1888";"1";"-3,1";"31"
"b1";"50,07";"10,44";"1888";"2";"-2,8";"41"
"b1";"50,07";"10,44";"1888";"3";"0,8";"103"
"b1";"50,07";"10,44";"1888";"4";"5,6";"49"
"b1";"50,07";"10,44";"1888";"5";"12,2";"24"
"b1";"50,07";"10,44";"1888";"6";"16,0";"107"
"b1";"50,07";"10,44";"1888";"7";"14,2";"136"
"b1";"50,07";"10,44";"1888";"8";"14,6";"62"
"b1";"50,07";"10,44";"1888";"9";"11,9";"34"
"b1";"50,07";"10,44";"1888";"10";"5,6";"67"
"b1";"50,07";"10,44";"1888";"11";"2,6";"35"
"b1";"50,07";"10,44";"1888";"12";"-0,6";"14"
"b1";"50,07";"10,44";"1889";"1";"-2,8";"11"
"b1";"50,07";"10,44";"1889";"2";"-3,7";"75"
"b1";"50,07";"10,44";"1889";"3";"-0,3";"42"
"b1";"50,07";"10,44";"1889";"4";"6,6";"44"
"b1";"50,07";"10,44";"1889";"5";"15,6";"80"
"b1";"50,07";"10,44";"1889";"6";"18,3";"82"
"b1";"50,07";"10,44";"1889";"7";"16,1";"84"
"b1";"50,07";"10,44";"1889";"8";"15,0";"55"
"b1";"50,07";"10,44";"1889";"9";"10,7";"60"
"b1";"50,07";"10,44";"1889";"10";"7,4";"66"
"b1";"50,07";"10,44";"1889";"11";"1,8";"30"
"b1";"50,07";"10,44";"1889";"12";"-2,3";"42"
"b1";"50,07";"10,44";"1890";"1";"1,4";"96"
"b1";"50,07";"10,44";"1890";"2";"-3,3";"4"
"b1";"50,07";"10,44";"1890";"3";"3,4";"26"
"b1";"50,07";"10,44";"1890";"4";"6,4";"39"
"b1";"50,07";"10,44";"1890";"5";"13,6";"58"
"b1";"50,07";"10,44";"1890";"6";"13,6";"64"
"b1";"50,07";"10,44";"1890";"7";"14,9";"81"
"b1";"50,07";"10,44";"1890";"8";"16,4";"110"
"b1";"50,07";"10,44";"1890";"9";"12,7";"12"
"b1";"50,07";"10,44";"1890";"10";"6,3";"80"
"b1";"50,07";"10,44";"1890";"11";"2,6";"82"
"b1";"50,07";"10,44";"1890";"12";"-5,3";"4"
"b1";"50,07";"10,44";"1891";"1";"-5,8";"46"
"b1";"50,07";"10,44";"1891";"2";"-1,5";"11"
"b1";"50,07";"10,44";"1891";"3";"2,3";"58"
"b1";"50,07";"10,44";"1891";"4";"4,6";"48"
"b1";"50,07";"10,44";"1891";"5";"12,7";"64"
"b1";"50,07";"10,44";"1891";"6";"14,5";"113"
"b1";"50,07";"10,44";"1891";"7";"15,6";"101"
"b1";"50,07";"10,44";"1891";"8";"14,4";"55"
"b1";"50,07";"10,44";"1891";"9";"12,8";"43"
"b1";"50,07";"10,44";"1891";"10";"9,1";"39"
"b1";"50,07";"10,44";"1891";"11";"2,0";"53"
"b1";"50,07";"10,44";"1891";"12";"0,7";"90"
"b1";"50,07";"10,44";"1892";"1";"-2,2";"56"
"b1";"50,07";"10,44";"1892";"2";"0,1";"49"
"b1";"50,07";"10,44";"1892";"3";"-0,1";"24"
"b1";"50,07";"10,44";"1892";"4";"6,7";"21"
"b1";"50,07";"10,44";"1892";"5";"11,9";"41"
"b1";"50,07";"10,44";"1892";"6";"15,1";"75"
"b1";"50,07";"10,44";"1892";"7";"15,6";"40"
"b1";"50,07";"10,44";"1892";"8";"18,1";"45"
"b1";"50,07";"10,44";"1892";"9";"13,1";"55"
"b1";"50,07";"10,44";"1892";"10";"6,4";"68"
"b1";"50,07";"10,44";"1892";"11";"2,4";"17"
"b1";"50,07";"10,44";"1892";"12";"-3,1";"52"
"b1";"50,07";"10,44";"1893";"1";"-9,1";"54"
"b1";"50,07";"10,44";"1893";"2";"1,7";"76"
"b1";"50,07";"10,44";"1893";"3";"4,0";"29"
"b1";"50,07";"10,44";"1893";"4";"8,5";"7"
"b1";"50,07";"10,44";"1893";"5";"12,4";"32"
"b1";"50,07";"10,44";"1893";"6";"15,9";"44"
"b1";"50,07";"10,44";"1893";"7";"17,1";"108"
"b1";"50,07";"10,44";"1893";"8";"16,4";"30"
"b1";"50,07";"10,44";"1893";"9";"11,8";"66"
"b1";"50,07";"10,44";"1893";"10";"9,1";"101"
"b1";"50,07";"10,44";"1893";"11";"1,2";"67"
"b1";"50,07";"10,44";"1893";"12";"-1,2";"46"
"b1";"50,07";"10,44";"1894";"1";"-2,8";"31"
"b1";"50,07";"10,44";"1894";"2";"1,4";"54"
"b1";"50,07";"10,44";"1894";"3";"4,2";"33"
"b1";"50,07";"10,44";"1894";"4";"9,4";"48"
"b1";"50,07";"10,44";"1894";"5";"10,8";"43"
"b1";"50,07";"10,44";"1894";"6";"14,0";"88"
"b1";"50,07";"10,44";"1894";"7";"17,3";"98"
"b1";"50,07";"10,44";"1894";"8";"15,2";"74"
"b1";"50,07";"10,44";"1894";"9";"10,3";"88"
"b1";"50,07";"10,44";"1894";"10";"7,8";"117"
"b1";"50,07";"10,44";"1894";"11";"4,0";"26"
"b1";"50,07";"10,44";"1894";"12";"-0,5";"62"
"b1";"50,07";"10,44";"1895";"1";"-5,5";"64"
"b1";"50,07";"10,44";"1895";"2";"-8,3";"24"
"b1";"50,07";"10,44";"1895";"3";"0,4";"55"
"b1";"50,07";"10,44";"1895";"4";"8,1";"49"
"b1";"50,07";"10,44";"1895";"5";"11,6";"77"
"b1";"50,07";"10,44";"1895";"6";"15,5";"52"
"b1";"50,07";"10,44";"1895";"7";"17,0";"54"
"b1";"50,07";"10,44";"1895";"8";"15,9";"51"
"b1";"50,07";"10,44";"1895";"9";"14,9";"15"
"b1";"50,07";"10,44";"1895";"10";"6,4";"69"
"b1";"50,07";"10,44";"1895";"11";"4,5";"75"
"b1";"50,07";"10,44";"1895";"12";"-0,6";"95"
"b1";"50,07";"10,44";"1896";"1";"-1,7";"43"
"b1";"50,07";"10,44";"1896";"2";"-1,0";"12"
"b1";"50,07";"10,44";"1896";"3";"4,9";"69"
"b1";"50,07";"10,44";"1896";"4";"5,4";"71"
"b1";"50,07";"10,44";"1896";"5";"10,7";"19"
"b1";"50,07";"10,44";"1896";"6";"16,2";"114"
"b1";"50,07";"10,44";"1896";"7";"16,3";"95"
"b1";"50,07";"10,44";"1896";"8";"13,6";"82"
"b1";"50,07";"10,44";"1896";"9";"12,1";"75"
"b1";"50,07";"10,44";"1896";"10";"7,9";"53"
"b1";"50,07";"10,44";"1896";"11";"1,0";"18"
"b1";"50,07";"10,44";"1896";"12";"-1,4";"33"
"b1";"50,07";"10,44";"1897";"1";"-3,0";"41"
"b1";"50,07";"10,44";"1897";"2";"1,1";"71"
"b1";"50,07";"10,44";"1897";"3";"4,8";"52"
"b1";"50,07";"10,44";"1897";"4";"6,9";"50"
"b1";"50,07";"10,44";"1897";"5";"10,3";"82"
"b1";"50,07";"10,44";"1897";"6";"16,6";"64"
"b1";"50,07";"10,44";"1897";"7";"16,6";"48"
"b1";"50,07";"10,44";"1897";"8";"16,5";"93"
"b1";"50,07";"10,44";"1897";"9";"11,8";"107"
"b1";"50,07";"10,44";"1897";"10";"6,8";"26"
"b1";"50,07";"10,44";"1897";"11";"1,5";"31"
"b1";"50,07";"10,44";"1897";"12";"0,1";"48"
"b1";"50,07";"10,44";"1898";"1";"0,6";"38"
"b1";"50,07";"10,44";"1898";"2";"0,5";"65"
"b1";"50,07";"10,44";"1898";"3";"2,6";"60"
"b1";"50,07";"10,44";"1898";"4";"7,0";"64"
"b1";"50,07";"10,44";"1898";"5";"11,0";"106"
"b1";"50,07";"10,44";"1898";"6";"14,5";"86"
"b1";"50,07";"10,44";"1898";"7";"14,0";"78"
"b1";"50,07";"10,44";"1898";"8";"17,5";"60"
"b1";"50,07";"10,44";"1898";"9";"12,4";"28"
"b1";"50,07";"10,44";"1898";"10";"9,0";"52"
"b1";"50,07";"10,44";"1898";"11";"3,8";"20"
"b1";"50,07";"10,44";"1898";"12";"2,0";"47"
"b1";"50,07";"10,44";"1899";"1";"1,3";"74"
"b1";"50,07";"10,44";"1899";"2";"0,9";"34"
"b1";"50,07";"10,44";"1899";"3";"1,9";"17"
"b1";"50,07";"10,44";"1899";"4";"6,7";"75"
"b1";"50,07";"10,44";"1899";"5";"10,7";"66"
"b1";"50,07";"10,44";"1899";"6";"14,4";"63"
"b1";"50,07";"10,44";"1899";"7";"16,5";"72"
"b1";"50,07";"10,44";"1899";"8";"16,3";"28"
"b1";"50,07";"10,44";"1899";"9";"12,0";"112"
"b1";"50,07";"10,44";"1899";"10";"6,7";"38"
"b1";"50,07";"10,44";"1899";"11";"5,4";"39"
"b1";"50,07";"10,44";"1899";"12";"-4,2";"44"
"b1";"50,07";"10,44";"1900";"1";"0,5";"87"
"b1";"50,07";"10,44";"1900";"2";"1,1";"63"
"b1";"50,07";"10,44";"1900";"3";"0,0";"37"
"b1";"50,07";"10,44";"1900";"4";"6,1";"47"
"b1";"50,07";"10,44";"1900";"5";"10,3";"65"
"b1";"50,07";"10,44";"1900";"6";"15,8";"89"
"b1";"50,07";"10,44";"1900";"7";"17,8";"102"
"b1";"50,07";"10,44";"1900";"8";"15,5";"72"
"b1";"50,07";"10,44";"1900";"9";"12,8";"35"
"b1";"50,07";"10,44";"1900";"10";"7,4";"80"
"b1";"50,07";"10,44";"1900";"11";"4,3";"40"
"b1";"50,07";"10,44";"1900";"12";"1,8";"71"
"b1";"50,07";"10,44";"1901";"1";"-5,3";"59"
"b1";"50,07";"10,44";"1901";"2";"-5,4";"45"
"b1";"50,07";"10,44";"1901";"3";"1,9";"65"
"b1";"50,07";"10,44";"1901";"4";"7,7";"61"
"b1";"50,07";"10,44";"1901";"5";"12,7";"46"
"b1";"50,07";"10,44";"1901";"6";"15,7";"60"
"b1";"50,07";"10,44";"1901";"7";"17,7";"98"
"b1";"50,07";"10,44";"1901";"8";"15,6";"80"
"b1";"50,07";"10,44";"1901";"9";"12,6";"85"
"b1";"50,07";"10,44";"1901";"10";"8,0";"104"
"b1";"50,07";"10,44";"1901";"11";"2,1";"40"
"b1";"50,07";"10,44";"1901";"12";"0,5";"63"
"b1";"50,07";"10,44";"1902";"1";"2,3";"48"
"b1";"50,07";"10,44";"1902";"2";"-0,5";"36"
"b1";"50,07";"10,44";"1902";"3";"3,3";"76"
"b1";"50,07";"10,44";"1902";"4";"8,1";"18"
"b1";"50,07";"10,44";"1902";"5";"8,2";"90"
"b1";"50,07";"10,44";"1902";"6";"15,1";"62"
"b1";"50,07";"10,44";"1902";"7";"15,7";"58"
"b1";"50,07";"10,44";"1902";"8";"14,6";"78"
"b1";"50,07";"10,44";"1902";"9";"11,7";"26"
"b1";"50,07";"10,44";"1902";"10";"6,4";"50"
"b1";"50,07";"10,44";"1902";"11";"0,8";"12"
"b1";"50,07";"10,44";"1902";"12";"-2,6";"102"
"b1";"50,07";"10,44";"1903";"1";"-0,3";"68"
"b1";"50,07";"10,44";"1903";"2";"3,2";"13"
"b1";"50,07";"10,44";"1903";"3";"5,1";"25"
"b1";"50,07";"10,44";"1903";"4";"4,2";"48"
"b1";"50,07";"10,44";"1903";"5";"12,3";"31"
"b1";"50,07";"10,44";"1903";"6";"14,9";"37"
"b1";"50,07";"10,44";"1903";"7";"15,9";"88"
"b1";"50,07";"10,44";"1903";"8";"15,2";"70"
"b1";"50,07";"10,44";"1903";"9";"12,9";"50"
"b1";"50,07";"10,44";"1903";"10";"9,1";"83"
"b1";"50,07";"10,44";"1903";"11";"4,3";"86"
"b1";"50,07";"10,44";"1903";"12";"-1,4";"15"
"b1";"50,07";"10,44";"1904";"1";"-2,3";"41"
"b1";"50,07";"10,44";"1904";"2";"1,0";"74"
"b1";"50,07";"10,44";"1904";"3";"3,0";"41"
"b1";"50,07";"10,44";"1904";"4";"8,8";"43"
"b1";"50,07";"10,44";"1904";"5";"12,2";"50"
"b1";"50,07";"10,44";"1904";"6";"15,2";"45"
"b1";"50,07";"10,44";"1904";"7";"18,9";"13"
"b1";"50,07";"10,44";"1904";"8";"16,1";"66"
"b1";"50,07";"10,44";"1904";"9";"11,4";"69"
"b1";"50,07";"10,44";"1904";"10";"7,8";"46"
"b1";"50,07";"10,44";"1904";"11";"2,5";"59"
"b1";"50,07";"10,44";"1904";"12";"1,8";"48"
"b1";"50,07";"10,44";"1905";"1";"-3,0";"51"
"b1";"50,07";"10,44";"1905";"2";"0,8";"38"
"b1";"50,07";"10,44";"1905";"3";"4,4";"83"
"b1";"50,07";"10,44";"1905";"4";"6,1";"40"
"b1";"50,07";"10,44";"1905";"5";"11,8";"12"
"b1";"50,07";"10,44";"1905";"6";"16,7";"55"
"b1";"50,07";"10,44";"1905";"7";"18,9";"48"
"b1";"50,07";"10,44";"1905";"8";"16,3";"58"
"b1";"50,07";"10,44";"1905";"9";"12,3";"58"
"b1";"50,07";"10,44";"1905";"10";"3,6";"95"
"b1";"50,07";"10,44";"1905";"11";"2,7";"52"
"b1";"50,07";"10,44";"1905";"12";"0,3";"27"
"b1";"50,07";"10,44";"1906";"1";"0,5";"70"
"b1";"50,07";"10,44";"1906";"2";"-0,3";"37"
"b1";"50,07";"10,44";"1906";"3";"1,5";"92"
"b1";"50,07";"10,44";"1906";"4";"7,5";"30"
"b1";"50,07";"10,44";"1906";"5";"12,7";"95"
"b1";"50,07";"10,44";"1906";"6";"14,3";"66"
"b1";"50,07";"10,44";"1906";"7";"16,8";"98"
"b1";"50,07";"10,44";"1906";"8";"15,8";"63"
"b1";"50,07";"10,44";"1906";"9";"11,8";"66"
"b1";"50,07";"10,44";"1906";"10";"9,3";"30"
"b1";"50,07";"10,44";"1906";"11";"5,4";"64"
"b1";"50,07";"10,44";"1906";"12";"-2,4";"62"
"b1";"50,07";"10,44";"1907";"1";"-0,5";"45"
"b1";"50,07";"10,44";"1907";"2";"-1,6";"38"
"b1";"50,07";"10,44";"1907";"3";"2,3";"46"
"b1";"50,07";"10,44";"1907";"4";"5,5";"40"
"b1";"50,07";"10,44";"1907";"5";"12,7";"68"
"b1";"50,07";"10,44";"1907";"6";"14,4";"55"
"b1";"50,07";"10,44";"1907";"7";"14,1";"83"
"b1";"50,07";"10,44";"1907";"8";"15,7";"29"
"b1";"50,07";"10,44";"1907";"9";"12,6";"34"
"b1";"50,07";"10,44";"1907";"10";"10,3";"32"
"b1";"50,07";"10,44";"1907";"11";"3,0";"40"
"b1";"50,07";"10,44";"1907";"12";"0,8";"63"
"b1";"50,07";"10,44";"1908";"1";"-4,2";"23"
"b1";"50,07";"10,44";"1908";"2";"0,6";"67"
"b1";"50,07";"10,44";"1908";"3";"1,7";"27"
"b1";"50,07";"10,44";"1908";"4";"5,0";"68"
"b1";"50,07";"10,44";"1908";"5";"13,2";"72"
"b1";"50,07";"10,44";"1908";"6";"17,1";"58"
"b1";"50,07";"10,44";"1908";"7";"16,6";"67"
"b1";"50,07";"10,44";"1908";"8";"13,7";"145"
"b1";"50,07";"10,44";"1908";"9";"11,2";"39"
"b1";"50,07";"10,44";"1908";"10";"7,1";"5"
"b1";"50,07";"10,44";"1908";"11";"0,8";"34"
"b1";"50,07";"10,44";"1908";"12";"-0,9";"20"
"b1";"50,07";"10,44";"1909";"1";"-2,4";"40"
"b1";"50,07";"10,44";"1909";"2";"-3,1";"52"
"b1";"50,07";"10,44";"1909";"3";"1,5";"31"
"b1";"50,07";"10,44";"1909";"4";"7,6";"52"
"b1";"50,07";"10,44";"1909";"5";"10,8";"33"
"b1";"50,07";"10,44";"1909";"6";"13,7";"85"
"b1";"50,07";"10,44";"1909";"7";"14,4";"130"
"b1";"50,07";"10,44";"1909";"8";"15,9";"31"
"b1";"50,07";"10,44";"1909";"9";"12,1";"69"
"b1";"50,07";"10,44";"1909";"10";"9,2";"36"
"b1";"50,07";"10,44";"1909";"11";"1,4";"66"
"b1";"50,07";"10,44";"1909";"12";"1,7";"68"
"b1";"50,07";"10,44";"1910";"1";"0,7";"58"
"b1";"50,07";"10,44";"1910";"2";"2,0";"58"
"b1";"50,07";"10,44";"1910";"3";"3,1";"16"
"b1";"50,07";"10,44";"1910";"4";"6,9";"38"
"b1";"50,07";"10,44";"1910";"5";"12,1";"64"
"b1";"50,07";"10,44";"1910";"6";"15,7";"133"
"b1";"50,07";"10,44";"1910";"7";"14,8";"97"
"b1";"50,07";"10,44";"1910";"8";"15,3";"104"
"b1";"50,07";"10,44";"1910";"9";"11,0";"52"
"b1";"50,07";"10,44";"1910";"10";"8,7";"14"
"b1";"50,07";"10,44";"1910";"11";"1,6";"138"
"b1";"50,07";"10,44";"1910";"12";"1,7";"55"
"b1";"50,07";"10,44";"1911";"1";"-2,5";"26"
"b1";"50,07";"10,44";"1911";"2";"0,8";"36"
"b1";"50,07";"10,44";"1911";"3";"3,8";"25"
"b1";"50,07";"10,44";"1911";"4";"6,8";"23"
"b1";"50,07";"10,44";"1911";"5";"12,4";"70"
"b1";"50,07";"10,44";"1911";"6";"14,5";"36"
"b1";"50,07";"10,44";"1911";"7";"19,0";"24"
"b1";"50,07";"10,44";"1911";"8";"19,2";"26"
"b1";"50,07";"10,44";"1911";"9";"13,6";"41"
"b1";"50,07";"10,44";"1911";"10";"7,9";"30"
"b1";"50,07";"10,44";"1911";"11";"4,1";"53"
"b1";"50,07";"10,44";"1911";"12";"2,4";"83"
"b1";"50,07";"10,44";"1912";"1";"-1,3";"47"
"b1";"50,07";"10,44";"1912";"2";"2,2";"45"
"b1";"50,07";"10,44";"1912";"3";"5,7";"59"
"b1";"50,07";"10,44";"1912";"4";"6,4";"23"
"b1";"50,07";"10,44";"1912";"5";"12,0";"65"
"b1";"50,07";"10,44";"1912";"6";"15,2";"81"
"b1";"50,07";"10,44";"1912";"7";"17,1";"46"
"b1";"50,07";"10,44";"1912";"8";"13,3";"104"
"b1";"50,07";"10,44";"1912";"9";"8,2";"59"
"b1";"50,07";"10,44";"1912";"10";"5,7";"65"
"b1";"50,07";"10,44";"1912";"11";"1,8";"72"
"b1";"50,07";"10,44";"1912";"12";"1,5";"44"
"b1";"50,07";"10,44";"1913";"1";"-0,9";"47"
"b1";"50,07";"10,44";"1913";"2";"0,8";"29"
"b1";"50,07";"10,44";"1913";"3";"5,8";"34"
"b1";"50,07";"10,44";"1913";"4";"7,1";"38"
"b1";"50,07";"10,44";"1913";"5";"11,6";"89"
"b1";"50,07";"10,44";"1913";"6";"14,3";"123"
"b1";"50,07";"10,44";"1913";"7";"13,6";"71"
"b1";"50,07";"10,44";"1913";"8";"14,1";"45"
"b1";"50,07";"10,44";"1913";"9";"11,7";"52"
"b1";"50,07";"10,44";"1913";"10";"8,6";"33"
"b1";"50,07";"10,44";"1913";"11";"6,3";"86"
"b1";"50,07";"10,44";"1913";"12";"1,3";"63"
"b1";"50,07";"10,44";"1914";"1";"-4,5";"34"
"b1";"50,07";"10,44";"1914";"2";"1,4";"25"
"b1";"50,07";"10,44";"1914";"3";"4,3";"101"
"b1";"50,07";"10,44";"1914";"4";"9,5";"28"
"b1";"50,07";"10,44";"1914";"5";"10,4";"84"
"b1";"50,07";"10,44";"1914";"6";"14,0";"70"
"b1";"50,07";"10,44";"1914";"7";"16,5";"124"
"b1";"50,07";"10,44";"1914";"8";"16,6";"45"
"b1";"50,07";"10,44";"1914";"9";"11,5";"82"
"b1";"50,07";"10,44";"1914";"10";"7,5";"38"
"b1";"50,07";"10,44";"1914";"11";"2,8";"44"
"b1";"50,07";"10,44";"1914";"12";"3,0";"61"
"b1";"50,07";"10,44";"1915";"1";"-0,4";"97"
"b1";"50,07";"10,44";"1915";"2";"0,8";"30"
"b1";"50,07";"10,44";"1915";"3";"1,8";"74"
"b1";"50,07";"10,44";"1915";"4";"6,6";"47"
"b1";"50,07";"10,44";"1915";"5";"13,4";"31"
"b1";"50,07";"10,44";"1915";"6";"17,9";"43"
"b1";"50,07";"10,44";"1915";"7";"15,7";"64"
"b1";"50,07";"10,44";"1915";"8";"14,8";"97"
"b1";"50,07";"10,44";"1915";"9";"11,1";"27"
"b1";"50,07";"10,44";"1915";"10";"6,1";"24"
"b1";"50,07";"10,44";"1915";"11";"0,9";"44"
"b1";"50,07";"10,44";"1915";"12";"3,4";"116"
"b1";"50,07";"10,44";"1916";"1";"3,5";"63"
"b1";"50,07";"10,44";"1916";"2";"0,6";"71"
"b1";"50,07";"10,44";"1916";"3";"4,6";"41"
"b1";"50,07";"10,44";"1916";"4";"8,0";"60"
"b1";"50,07";"10,44";"1916";"5";"13,1";"76"
"b1";"50,07";"10,44";"1916";"6";"12,5";"58"
"b1";"50,07";"10,44";"1916";"7";"15,7";"127"
"b1";"50,07";"10,44";"1916";"8";"15,5";"85"
"b1";"50,07";"10,44";"1916";"9";"11,4";"81"
"b1";"50,07";"10,44";"1916";"10";"7,9";"65"
"b1";"50,07";"10,44";"1916";"11";"3,8";"53"
"b1";"50,07";"10,44";"1916";"12";"1,4";"78"
"b1";"50,07";"10,44";"1917";"1";"-2,9";"51"
"b1";"50,07";"10,44";"1917";"2";"-4,1";"3"
"b1";"50,07";"10,44";"1917";"3";"-0,1";"41"
"b1";"50,07";"10,44";"1917";"4";"4,0";"35"
"b1";"50,07";"10,44";"1917";"5";"15,1";"31"
"b1";"50,07";"10,44";"1917";"6";"18,2";"52"
"b1";"50,07";"10,44";"1917";"7";"17,1";"60"
"b1";"50,07";"10,44";"1917";"8";"15,8";"111"
"b1";"50,07";"10,44";"1917";"9";"13,6";"20"
"b1";"50,07";"10,44";"1917";"10";"6,8";"78"
"b1";"50,07";"10,44";"1917";"11";"4,4";"29"
"b1";"50,07";"10,44";"1917";"12";"-3,0";"18"
"b1";"50,07";"10,44";"1918";"1";"0,0";"63"
"b1";"50,07";"10,44";"1918";"2";"1,5";"23"
"b1";"50,07";"10,44";"1918";"3";"3,9";"22"
"b1";"50,07";"10,44";"1918";"4";"8,9";"38"
"b1";"50,07";"10,44";"1918";"5";"13,7";"46"
"b1";"50,07";"10,44";"1918";"6";"12,6";"41"
"b1";"50,07";"10,44";"1918";"7";"16,0";"48"
"b1";"50,07";"10,44";"1918";"8";"15,7";"59"
"b1";"50,07";"10,44";"1918";"9";"12,4";"75"
"b1";"50,07";"10,44";"1918";"10";"6,8";"42"
"b1";"50,07";"10,44";"1918";"11";"2,5";"29"
"b1";"50,07";"10,44";"1918";"12";"3,6";"97"
"b1";"50,07";"10,44";"1919";"1";"0,2";"35"
"b1";"50,07";"10,44";"1919";"2";"-0,8";"48"
"b1";"50,07";"10,44";"1919";"3";"2,9";"52"
"b1";"50,07";"10,44";"1919";"4";"4,6";"64"
"b1";"50,07";"10,44";"1919";"5";"10,9";"38"
"b1";"50,07";"10,44";"1919";"6";"15,0";"38"
"b1";"50,07";"10,44";"1919";"7";"13,8";"72"
"b1";"50,07";"10,44";"1919";"8";"15,7";"48"
"b1";"50,07";"10,44";"1919";"9";"14,2";"57"
"b1";"50,07";"10,44";"1919";"10";"5,4";"35"
"b1";"50,07";"10,44";"1919";"11";"0,8";"89"
"b1";"50,07";"10,44";"1919";"12";"0,4";"99"
"b1";"50,07";"10,44";"1920";"1";"1,9";"118"
"b1";"50,07";"10,44";"1920";"2";"2,1";"30"
"b1";"50,07";"10,44";"1920";"3";"5,3";"25"
"b1";"50,07";"10,44";"1920";"4";"8,8";"60"
"b1";"50,07";"10,44";"1920";"5";"13,9";"57"
"b1";"50,07";"10,44";"1920";"6";"15,0";"13"
"b1";"50,07";"10,44";"1920";"7";"16,9";"61"
"b1";"50,07";"10,44";"1920";"8";"14,6";"120"
"b1";"50,07";"10,44";"1920";"9";"12,5";"77"
"b1";"50,07";"10,44";"1920";"10";"6,9";"5"
"b1";"50,07";"10,44";"1920";"11";"0,1";"14"
"b1";"50,07";"10,44";"1920";"12";"0,5";"45"
"b1";"50,07";"10,44";"1921";"1";"3,9";"68"
"b1";"50,07";"10,44";"1921";"2";"0,9";"7"
"b1";"50,07";"10,44";"1921";"3";"4,4";"12"
"b1";"50,07";"10,44";"1921";"4";"7,2";"18"
"b1";"50,07";"10,44";"1921";"5";"13,7";"81"
"b1";"50,07";"10,44";"1921";"6";"14,5";"47"
"b1";"50,07";"10,44";"1921";"7";"18,8";"19"
"b1";"50,07";"10,44";"1921";"8";"16,8";"78"
"b1";"50,07";"10,44";"1921";"9";"12,8";"22"
"b1";"50,07";"10,44";"1921";"10";"10,1";"38"
"b1";"50,07";"10,44";"1921";"11";"-0,8";"24"
"b1";"50,07";"10,44";"1921";"12";"-0,4";"37"
"b1";"50,07";"10,44";"1922";"1";"-3,2";"58"
"b1";"50,07";"10,44";"1922";"2";"-2,0";"60"
"b1";"50,07";"10,44";"1922";"3";"3,1";"54"
"b1";"50,07";"10,44";"1922";"4";"5,2";"89"
"b1";"50,07";"10,44";"1922";"5";"13,2";"23"
"b1";"50,07";"10,44";"1922";"6";"15,7";"62"
"b1";"50,07";"10,44";"1922";"7";"15,2";"58"
"b1";"50,07";"10,44";"1922";"8";"14,9";"125"
"b1";"50,07";"10,44";"1922";"9";"10,7";"83"
"b1";"50,07";"10,44";"1922";"10";"4,7";"73"
"b1";"50,07";"10,44";"1922";"11";"1,9";"59"
"b1";"50,07";"10,44";"1922";"12";"1,5";"90"
"b1";"50,07";"10,44";"1923";"1";"0,8";"54"
"b1";"50,07";"10,44";"1923";"2";"1,2";"42"
"b1";"50,07";"10,44";"1923";"3";"4,9";"30"
"b1";"50,07";"10,44";"1923";"4";"6,7";"34"
"b1";"50,07";"10,44";"1923";"5";"11,6";"70"
"b1";"50,07";"10,44";"1923";"6";"11,1";"66"
"b1";"50,07";"10,44";"1923";"7";"18,3";"69"
"b1";"50,07";"10,44";"1923";"8";"15,3";"53"
"b1";"50,07";"10,44";"1923";"9";"12,6";"41"
"b1";"50,07";"10,44";"1923";"10";"9,7";"174"
"b1";"50,07";"10,44";"1923";"11";"2,5";"59"
"b1";"50,07";"10,44";"1923";"12";"-2,1";"53"
"b1";"50,07";"10,44";"1924";"1";"-4,7";"24"
"b1";"50,07";"10,44";"1924";"2";"-2,8";"23"
"b1";"50,07";"10,44";"1924";"3";"2,2";"45"
"b1";"50,07";"10,44";"1924";"4";"6,5";"43"
"b1";"50,07";"10,44";"1924";"5";"13,6";"82"
"b1";"50,07";"10,44";"1924";"6";"14,9";"66"
"b1";"50,07";"10,44";"1924";"7";"16,5";"61"
"b1";"50,07";"10,44";"1924";"8";"13,8";"157"
"b1";"50,07";"10,44";"1924";"9";"12,8";"87"
"b1";"50,07";"10,44";"1924";"10";"8,7";"30"
"b1";"50,07";"10,44";"1924";"11";"2,0";"90"
"b1";"50,07";"10,44";"1924";"12";"0,1";"27"
"b1";"50,07";"10,44";"1925";"1";"1,6";"53"
"b1";"50,07";"10,44";"1925";"2";"3,3";"27"
"b1";"50,07";"10,44";"1925";"3";"0,9";"38"
"b1";"50,07";"10,44";"1925";"4";"8,1";"64"
"b1";"50,07";"10,44";"1925";"5";"13,4";"21"
"b1";"50,07";"10,44";"1925";"6";"15,0";"28"
"b1";"50,07";"10,44";"1925";"7";"17,1";"59"
"b1";"50,07";"10,44";"1925";"8";"16,0";"82"
"b1";"50,07";"10,44";"1925";"9";"10,4";"101"
"b1";"50,07";"10,44";"1925";"10";"8,0";"39"
"b1";"50,07";"10,44";"1925";"11";"1,6";"41"
"b1";"50,07";"10,44";"1925";"12";"-1,3";"94"
"b1";"50,07";"10,44";"1926";"1";"-0,3";"57"
"b1";"50,07";"10,44";"1926";"2";"4,8";"60"
"b1";"50,07";"10,44";"1926";"3";"3,7";"38"
"b1";"50,07";"10,44";"1926";"4";"9,4";"29"
"b1";"50,07";"10,44";"1926";"5";"10,5";"56"
"b1";"50,07";"10,44";"1926";"6";"13,5";"55"
"b1";"50,07";"10,44";"1926";"7";"16,7";"152"
"b1";"50,07";"10,44";"1926";"8";"15,4";"62"
"b1";"50,07";"10,44";"1926";"9";"14,2";"10"
"b1";"50,07";"10,44";"1926";"10";"7,6";"109"
"b1";"50,07";"10,44";"1926";"11";"5,4";"38"
"b1";"50,07";"10,44";"1926";"12";"-0,3";"30"
"b1";"50,07";"10,44";"1927";"1";"1,3";"62"
"b1";"50,07";"10,44";"1927";"2";"0,8";"36"
"b1";"50,07";"10,44";"1927";"3";"5,3";"54"
"b1";"50,07";"10,44";"1927";"4";"7,0";"95"
"b1";"50,07";"10,44";"1927";"5";"11,3";"29"
"b1";"50,07";"10,44";"1927";"6";"14,4";"74"
"b1";"50,07";"10,44";"1927";"7";"16,5";"69"
"b1";"50,07";"10,44";"1927";"8";"15,9";"101"
"b1";"50,07";"10,44";"1927";"9";"13,1";"87"
"b1";"50,07";"10,44";"1927";"10";"7,9";"26"
"b1";"50,07";"10,44";"1927";"11";"2,6";"86"
"b1";"50,07";"10,44";"1927";"12";"-2,7";"38"
"b1";"50,07";"10,44";"1928";"1";"1,2";"50"
"b1";"50,07";"10,44";"1928";"2";"2,2";"66"
"b1";"50,07";"10,44";"1928";"3";"2,8";"28"
"b1";"50,07";"10,44";"1928";"4";"7,2";"86"
"b1";"50,07";"10,44";"1928";"5";"10,0";"60"
"b1";"50,07";"10,44";"1928";"6";"14,1";"43"
"b1";"50,07";"10,44";"1928";"7";"18,5";"24"
"b1";"50,07";"10,44";"1928";"8";"16,0";"86"
"b1";"50,07";"10,44";"1928";"9";"12,1";"31"
"b1";"50,07";"10,44";"1928";"10";"8,0";"60"
"b1";"50,07";"10,44";"1928";"11";"5,6";"66"
"b1";"50,07";"10,44";"1928";"12";"-0,8";"50"
"b1";"50,07";"10,44";"1929";"1";"-5,7";"18"
"b1";"50,07";"10,44";"1929";"2";"-9,8";"35"
"b1";"50,07";"10,44";"1929";"3";"2,5";"8"
"b1";"50,07";"10,44";"1929";"4";"4,3";"41"
"b1";"50,07";"10,44";"1929";"5";"13,2";"38"
"b1";"50,07";"10,44";"1929";"6";"14,6";"63"
"b1";"50,07";"10,44";"1929";"7";"17,6";"68"
"b1";"50,07";"10,44";"1929";"8";"17,0";"33"
"b1";"50,07";"10,44";"1929";"9";"15,5";"40"
"b1";"50,07";"10,44";"1929";"10";"9,5";"82"
"b1";"50,07";"10,44";"1929";"11";"4,0";"31"
"b1";"50,07";"10,44";"1929";"12";"3,0";"86"
"b1";"50,07";"10,44";"1930";"1";"1,2";"25"
"b1";"50,07";"10,44";"1930";"2";"-0,3";"15"
"b1";"50,07";"10,44";"1930";"3";"4,3";"37"
"b1";"50,07";"10,44";"1930";"4";"8,0";"97"
"b1";"50,07";"10,44";"1930";"5";"11,5";"83"
"b1";"50,07";"10,44";"1930";"6";"18,5";"50"
"b1";"50,07";"10,44";"1930";"7";"16,1";"92"
"b1";"50,07";"10,44";"1930";"8";"15,4";"116"
"b1";"50,07";"10,44";"1930";"9";"12,7";"86"
"b1";"50,07";"10,44";"1930";"10";"7,9";"144"
"b1";"50,07";"10,44";"1930";"11";"5,7";"139"
"b1";"50,07";"10,44";"1930";"12";"0,0";"40"
"b1";"50,07";"10,44";"1931";"1";"-0,4";"58"
"b1";"50,07";"10,44";"1931";"2";"-1,4";"31"
"b1";"50,07";"10,44";"1931";"3";"0,0";"21"
"b1";"50,07";"10,44";"1931";"4";"5,3";"67"
"b1";"50,07";"10,44";"1931";"5";"15,3";"46"
"b1";"50,07";"10,44";"1931";"6";"16,4";"91"
"b1";"50,07";"10,44";"1931";"7";"16,3";"123"
"b1";"50,07";"10,44";"1931";"8";"14,9";"148"
"b1";"50,07";"10,44";"1931";"9";"9,5";"43"
"b1";"50,07";"10,44";"1931";"10";"6,5";"29"
"b1";"50,07";"10,44";"1931";"11";"3,8";"31"
"b1";"50,07";"10,44";"1931";"12";"-1,1";"48"
"b1";"50,07";"10,44";"1932";"1";"1,0";"55"
"b1";"50,07";"10,44";"1932";"2";"-2,7";"9"
"b1";"50,07";"10,44";"1932";"3";"0,3";"22"
"b1";"50,07";"10,44";"1932";"4";"6,4";"47"
"b1";"50,07";"10,44";"1932";"5";"12,0";"105"
"b1";"50,07";"10,44";"1932";"6";"14,4";"61"
"b1";"50,07";"10,44";"1932";"7";"17,2";"67"
"b1";"50,07";"10,44";"1932";"8";"18,5";"51"
"b1";"50,07";"10,44";"1932";"9";"14,9";"80"
"b1";"50,07";"10,44";"1932";"10";"7,8";"112"
"b1";"50,07";"10,44";"1932";"11";"3,8";"53"
"b1";"50,07";"10,44";"1932";"12";"-0,6";"14"
"b1";"50,07";"10,44";"1933";"1";"-3,4";"29"
"b1";"50,07";"10,44";"1933";"2";"-0,1";"48"
"b1";"50,07";"10,44";"1933";"3";"4,7";"46"
"b1";"50,07";"10,44";"1933";"4";"6,8";"10"
"b1";"50,07";"10,44";"1933";"5";"11,1";"107"
"b1";"50,07";"10,44";"1933";"6";"13,7";"257"
"b1";"50,07";"10,44";"1933";"7";"17,7";"48"
"b1";"50,07";"10,44";"1933";"8";"16,5";"95"
"b1";"50,07";"10,44";"1933";"9";"12,9";"43"
"b1";"50,07";"10,44";"1933";"10";"8,1";"38"
"b1";"50,07";"10,44";"1933";"11";"1,7";"52"
"b1";"50,07";"10,44";"1933";"12";"-4,9";"5"
"b1";"50,07";"10,44";"1934";"1";"-0,4";"49"
"b1";"50,07";"10,44";"1934";"2";"0,4";"6"
"b1";"50,07";"10,44";"1934";"3";"3,4";"37"
"b1";"50,07";"10,44";"1934";"4";"10,2";"19"
"b1";"50,07";"10,44";"1934";"5";"13,4";"41"
"b1";"50,07";"10,44";"1934";"6";"16,5";"27"
"b1";"50,07";"10,44";"1934";"7";"18,5";"22"
"b1";"50,07";"10,44";"1934";"8";"16,2";"76"
"b1";"50,07";"10,44";"1934";"9";"15,2";"20"
"b1";"50,07";"10,44";"1934";"10";"8,6";"72"
"b1";"50,07";"10,44";"1934";"11";"3,4";"30"
"b1";"50,07";"10,44";"1934";"12";"4,7";"68"
"b1";"50,07";"10,44";"1935";"1";"-1,4";"64"
"b1";"50,07";"10,44";"1935";"2";"1,3";"82"
"b1";"50,07";"10,44";"1935";"3";"2,5";"20"
"b1";"50,07";"10,44";"1935";"4";"6,9";"148"
"b1";"50,07";"10,44";"1935";"5";"10,5";"56"
"b1";"50,07";"10,44";"1935";"6";"17,1";"66"
"b1";"50,07";"10,44";"1935";"7";"17,9";"18"
"b1";"50,07";"10,44";"1935";"8";"16,6";"113"
"b1";"50,07";"10,44";"1935";"9";"13,0";"77"
"b1";"50,07";"10,44";"1935";"10";"8,1";"76"
"b1";"50,07";"10,44";"1935";"11";"4,6";"29"
"b1";"50,07";"10,44";"1935";"12";"-0,3";"76"
"b1";"50,07";"10,44";"1936";"1";"2,5";"105"
"b1";"50,07";"10,44";"1936";"2";"0,3";"83"
"b1";"50,07";"10,44";"1936";"3";"4,9";"21"
"b1";"50,07";"10,44";"1936";"4";"6,5";"85"
"b1";"50,07";"10,44";"1936";"5";"12,4";"40"
"b1";"50,07";"10,44";"1936";"6";"15,9";"98"
"b1";"50,07";"10,44";"1936";"7";"16,3";"162"
"b1";"50,07";"10,44";"1936";"8";"15,7";"63"
"b1";"50,07";"10,44";"1936";"9";"12,6";"67"
"b1";"50,07";"10,44";"1936";"10";"6,0";"53"
"b1";"50,07";"10,44";"1936";"11";"3,4";"52"
"b1";"50,07";"10,44";"1936";"12";"0,9";"46"
"b1";"50,07";"10,44";"1937";"1";"-1,2";"72"
"b1";"50,07";"10,44";"1937";"2";"1,8";"96"
"b1";"50,07";"10,44";"1937";"3";"3,0";"60"
"b1";"50,07";"10,44";"1937";"4";"7,9";"96"
"b1";"50,07";"10,44";"1937";"5";"14,6";"53"
"b1";"50,07";"10,44";"1937";"6";"16,2";"95"
"b1";"50,07";"10,44";"1937";"7";"17,1";"50"
"b1";"50,07";"10,44";"1937";"8";"17,2";"54"
"b1";"50,07";"10,44";"1937";"9";"13,0";"27"
"b1";"50,07";"10,44";"1937";"10";"8,7";"18"
"b1";"50,07";"10,44";"1937";"11";"3,1";"21"
"b1";"50,07";"10,44";"1937";"12";"-0,7";"62"
"b1";"50,07";"10,44";"1938";"1";"1,2";"96"
"b1";"50,07";"10,44";"1938";"2";"0,5";"32"
"b1";"50,07";"10,44";"1938";"3";"6,3";"12"
"b1";"50,07";"10,44";"1938";"4";"4,6";"16"
"b1";"50,07";"10,44";"1938";"5";"10,6";"64"
"b1";"50,07";"10,44";"1938";"6";"16,1";"41"
"b1";"50,07";"10,44";"1938";"7";"16,5";"78"
"b1";"50,07";"10,44";"1938";"8";"17,1";"85"
"b1";"50,07";"10,44";"1938";"9";"13,2";"27"
"b1";"50,07";"10,44";"1938";"10";"8,2";"53"
"b1";"50,07";"10,44";"1938";"11";"6,0";"38"
"b1";"50,07";"10,44";"1938";"12";"-2,7";"40"
"b1";"50,07";"10,44";"1939";"1";"2,3";"101"
"b1";"50,07";"10,44";"1939";"2";"0,5";"34"
"b1";"50,07";"10,44";"1939";"3";"1,4";"68"
"b1";"50,07";"10,44";"1939";"4";"8,8";"46"
"b1";"50,07";"10,44";"1939";"5";"10,2";"39"
"b1";"50,07";"10,44";"1939";"6";"16,3";"47"
"b1";"50,07";"10,44";"1939";"7";"16,3";"74"
"b1";"50,07";"10,44";"1939";"8";"17,2";"48"
"b1";"50,07";"10,44";"1939";"9";"13,1";"49"
"b1";"50,07";"10,44";"1939";"10";"6,4";"145"
"b1";"50,07";"10,44";"1939";"11";"4,9";"109"
"b1";"50,07";"10,44";"1939";"12";"-2,3";"30"
"b1";"50,07";"10,44";"1940";"1";"-10,4";"23"
"b1";"50,07";"10,44";"1940";"2";"-4,4";"33"
"b1";"50,07";"10,44";"1940";"3";"2,8";"76"
"b1";"50,07";"10,44";"1940";"4";"8,3";"38"
"b1";"50,07";"10,44";"1940";"5";"12,2";"25"
"b1";"50,07";"10,44";"1940";"6";"16,7";"58"
"b1";"50,07";"10,44";"1940";"7";"15,8";"162"
"b1";"50,07";"10,44";"1940";"8";"14,4";"60"
"b1";"50,07";"10,44";"1940";"9";"12,6";"104"
"b1";"50,07";"10,44";"1940";"10";"7,4";"29"
"b1";"50,07";"10,44";"1940";"11";"4,9";"71"
"b1";"50,07";"10,44";"1940";"12";"-3,8";"46"
"b1";"50,07";"10,44";"1941";"1";"-5,5";"81"
"b1";"50,07";"10,44";"1941";"2";"-0,4";"48"
"b1";"50,07";"10,44";"1941";"3";"3,5";"75"
"b1";"50,07";"10,44";"1941";"4";"5,5";"42"
"b1";"50,07";"10,44";"1941";"5";"8,6";"106"
"b1";"50,07";"10,44";"1941";"6";"16,0";"55"
"b1";"50,07";"10,44";"1941";"7";"17,7";"107"
"b1";"50,07";"10,44";"1941";"8";"14,5";"100"
"b1";"50,07";"10,44";"1941";"9";"11,8";"26"
"b1";"50,07";"10,44";"1941";"10";"7,8";"133"
"b1";"50,07";"10,44";"1941";"11";"1,5";"42"
"b1";"50,07";"10,44";"1941";"12";"0,4";"68"
"b1";"50,07";"10,44";"1942";"1";"-9,1";"45"
"b1";"50,07";"10,44";"1942";"2";"-5,7";"16"
"b1";"50,07";"10,44";"1942";"3";"1,4";"46"
"b1";"50,07";"10,44";"1942";"4";"7,5";"34"
"b1";"50,07";"10,44";"1942";"5";"12,0";"84"
"b1";"50,07";"10,44";"1942";"6";"14,2";"67"
"b1";"50,07";"10,44";"1942";"7";"15,7";"105"
"b1";"50,07";"10,44";"1942";"8";"17,0";"42"
"b1";"50,07";"10,44";"1942";"9";"15,3";"55"
"b1";"50,07";"10,44";"1942";"10";"11,0";"73"
"b1";"50,07";"10,44";"1942";"11";"2,7";"34"
"b1";"50,07";"10,44";"1942";"12";"0,9";"36"
"b1";"50,07";"10,44";"1943";"1";"-1,3";"35"
"b1";"50,07";"10,44";"1943";"2";"2,2";"23"
"b1";"50,07";"10,44";"1943";"3";"5,5";"7"
"b1";"50,07";"10,44";"1943";"4";"8,9";"48"
"b1";"50,07";"10,44";"1943";"5";"12,6";"46"
"b1";"50,07";"10,44";"1943";"6";"13,8";"107"
"b1";"50,07";"10,44";"1943";"7";"17,1";"86"
"b1";"50,07";"10,44";"1943";"8";"17,6";"90"
"b1";"50,07";"10,44";"1943";"9";"13,5";"68"
"b1";"50,07";"10,44";"1943";"10";"9,6";"0"
"b1";"50,07";"10,44";"1943";"11";"2,3";"87"
"b1";"50,07";"10,44";"1943";"12";"-0,6";"31"
"b1";"50,07";"10,44";"1944";"1";"2,3";"63"
"b1";"50,07";"10,44";"1944";"2";"-1,7";"47"
"b1";"50,07";"10,44";"1944";"3";"0,5";"31"
"b1";"50,07";"10,44";"1944";"4";"8,6";"58"
"b1";"50,07";"10,44";"1944";"5";"11,5";"9"
"b1";"50,07";"10,44";"1944";"6";"14,0";"98"
"b1";"50,07";"10,44";"1944";"7";"16,7";"80"
"b1";"50,07";"10,44";"1944";"8";"19,7";"34"
"b1";"50,07";"10,44";"1944";"9";"12,1";"59"
"b1";"50,07";"10,44";"1944";"10";"8,8";"49"
"b1";"50,07";"10,44";"1944";"11";"3,3";"132"
"b1";"50,07";"10,44";"1944";"12";"-1,2";"65"
"b1";"50,07";"10,44";"1945";"1";"-5,5";"45"
"b1";"50,07";"10,44";"1945";"2";"3,6";"72"
"b1";"50,07";"10,44";"1945";"3";"5,5";"16"
"b1";"50,07";"10,44";"1945";"4";"8,9";"36"
"b1";"50,07";"10,44";"1945";"5";"14,2";"104"
"b1";"50,07";"10,44";"1945";"6";"16,7";"75"
"b1";"50,07";"10,44";"1945";"7";"17,7";"63"
"b1";"50,07";"10,44";"1945";"8";"15,7";"132"
"b1";"50,07";"10,44";"1945";"9";"13,4";"47"
"b1";"50,07";"10,44";"1945";"10";"9,1";"29"
"b1";"50,07";"10,44";"1945";"11";"3,0";"32"
"b1";"50,07";"10,44";"1945";"12";"0,5";"42"
"b1";"50,07";"10,44";"1946";"1";"-3,0";"43"
"b1";"50,07";"10,44";"1946";"2";"2,5";"141"
"b1";"50,07";"10,44";"1946";"3";"4,1";"31"
"b1";"50,07";"10,44";"1946";"4";"9,5";"21"
"b1";"50,07";"10,44";"1946";"5";"13,6";"70"
"b1";"50,07";"10,44";"1946";"6";"14,1";"112"
"b1";"50,07";"10,44";"1946";"7";"17,5";"46"
"b1";"50,07";"10,44";"1946";"8";"15,9";"60"
"b1";"50,07";"10,44";"1946";"9";"13,8";"72"
"b1";"50,07";"10,44";"1946";"10";"6,8";"66"
"b1";"50,07";"10,44";"1946";"11";"3,1";"21"
"b1";"50,07";"10,44";"1946";"12";"-2,8";"43"
"b1";"50,07";"10,44";"1947";"1";"-4,7";"34"
"b1";"50,07";"10,44";"1947";"2";"-5,7";"36"
"b1";"50,07";"10,44";"1947";"3";"3,1";"114"
"b1";"50,07";"10,44";"1947";"4";"9,8";"67"
"b1";"50,07";"10,44";"1947";"5";"14,9";"22"
"b1";"50,07";"10,44";"1947";"6";"18,2";"72"
"b1";"50,07";"10,44";"1947";"7";"19,6";"55"
"b1";"50,07";"10,44";"1947";"8";"19,8";"3"
"b1";"50,07";"10,44";"1947";"9";"17,0";"14"
"b1";"50,07";"10,44";"1947";"10";"7,5";"5"
"b1";"50,07";"10,44";"1947";"11";"4,9";"85"
"b1";"50,07";"10,44";"1947";"12";"0,8";"171"
"b1";"50,07";"10,44";"1948";"1";"3,3";"108"
"b1";"50,07";"10,44";"1948";"2";"0,6";"92"
"b1";"50,07";"10,44";"1948";"3";"5,9";"23"
"b1";"50,07";"10,44";"1948";"4";"10,4";"38"
"b1";"50,07";"10,44";"1948";"5";"14,2";"44"
"b1";"50,07";"10,44";"1948";"6";"15,8";"89"
"b1";"50,07";"10,44";"1948";"7";"15,9";"131"
"b1";"50,07";"10,44";"1948";"8";"16,4";"49"
"b1";"50,07";"10,44";"1948";"9";"12,9";"9"
"b1";"50,07";"10,44";"1948";"10";"8,5";"32"
"b1";"50,07";"10,44";"1948";"11";"3,1";"25"
"b1";"50,07";"10,44";"1948";"12";"-1,1";"14"
"b1";"50,07";"10,44";"1949";"1";"0,5";"41"
"b1";"50,07";"10,44";"1949";"2";"0,1";"24"
"b1";"50,07";"10,44";"1949";"3";"2,0";"46"
"b1";"50,07";"10,44";"1949";"4";"10,5";"43"
"b1";"50,07";"10,44";"1949";"5";"12,4";"85"
"b1";"50,07";"10,44";"1949";"6";"14,2";"25"
"b1";"50,07";"10,44";"1949";"7";"18,1";"9"
"b1";"50,07";"10,44";"1949";"8";"17,6";"42"
"b1";"50,07";"10,44";"1949";"9";"16,4";"41"
"b1";"50,07";"10,44";"1949";"10";"10,3";"21"
"b1";"50,07";"10,44";"1949";"11";"3,3";"46"
"b1";"50,07";"10,44";"1949";"12";"2,7";"73"
"b1";"50,07";"10,44";"1950";"1";"-1,5";"38"
"b1";"50,07";"10,44";"1950";"2";"2,2";"97"
"b1";"50,07";"10,44";"1950";"3";"3,9";"10"
"b1";"50,07";"10,44";"1950";"4";"6,6";"84"
"b1";"50,07";"10,44";"1950";"5";"14,0";"80"
"b1";"50,07";"10,44";"1950";"6";"17,9";"33"
"b1";"50,07";"10,44";"1950";"7";"18,4";"104"
"b1";"50,07";"10,44";"1950";"8";"17,2";"95"
"b1";"50,07";"10,44";"1950";"9";"12,7";"87"
"b1";"50,07";"10,44";"1950";"10";"7,6";"28"
"b1";"50,07";"10,44";"1950";"11";"4,1";"112"
"b1";"50,07";"10,44";"1950";"12";"-2,5";"52"
"b1";"50,07";"10,44";"1951";"1";"1,7";"60"
"b1";"50,07";"10,44";"1951";"2";"2,2";"41"
"b1";"50,07";"10,44";"1951";"3";"2,4";"56"
"b1";"50,07";"10,44";"1951";"4";"7,2";"26"
"b1";"50,07";"10,44";"1951";"5";"12,1";"35"
"b1";"50,07";"10,44";"1951";"6";"15,4";"108"
"b1";"50,07";"10,44";"1951";"7";"17,5";"55"
"b1";"50,07";"10,44";"1951";"8";"17,2";"58"
"b1";"50,07";"10,44";"1951";"9";"14,1";"49"
"b1";"50,07";"10,44";"1951";"10";"7,7";"38"
"b1";"50,07";"10,44";"1951";"11";"6,0";"85"
"b1";"50,07";"10,44";"1951";"12";"1,0";"30"
"b1";"50,07";"10,44";"1952";"1";"-0,1";"75"
"b1";"50,07";"10,44";"1952";"2";"-1,2";"39"
"b1";"50,07";"10,44";"1952";"3";"3,1";"108"
"b1";"50,07";"10,44";"1952";"4";"10,5";"22"
"b1";"50,07";"10,44";"1952";"5";"12,4";"70"
"b1";"50,07";"10,44";"1952";"6";"15,8";"49"
"b1";"50,07";"10,44";"1952";"7";"19,4";"9"
"b1";"50,07";"10,44";"1952";"8";"18,3";"47"
"b1";"50,07";"10,44";"1952";"9";"10,4";"110"
"b1";"50,07";"10,44";"1952";"10";"7,0";"86"
"b1";"50,07";"10,44";"1952";"11";"1,8";"109"
"b1";"50,07";"10,44";"1952";"12";"-0,9";"99"
"b1";"50,07";"10,44";"1953";"1";"-2,2";"30"
"b1";"50,07";"10,44";"1953";"2";"0,1";"34"
"b1";"50,07";"10,44";"1953";"3";"4,9";"5"
"b1";"50,07";"10,44";"1953";"4";"9,4";"37"
"b1";"50,07";"10,44";"1953";"5";"13,9";"35"
"b1";"50,07";"10,44";"1953";"6";"16,3";"96"
"b1";"50,07";"10,44";"1953";"7";"17,4";"48"
"b1";"50,07";"10,44";"1953";"8";"16,4";"54"
"b1";"50,07";"10,44";"1953";"9";"13,7";"29"
"b1";"50,07";"10,44";"1953";"10";"9,7";"30"
"b1";"50,07";"10,44";"1953";"11";"3,7";"10"
"b1";"50,07";"10,44";"1953";"12";"1,8";"24"
"b1";"50,07";"10,44";"1954";"1";"-3,6";"47"
"b1";"50,07";"10,44";"1954";"2";"-3,1";"12"
"b1";"50,07";"10,44";"1954";"3";"4,6";"11"
"b1";"50,07";"10,44";"1954";"4";"6,3";"56"
"b1";"50,07";"10,44";"1954";"5";"12,2";"37"
"b1";"50,07";"10,44";"1954";"6";"16,4";"44"
"b1";"50,07";"10,44";"1954";"7";"14,1";"133"
"b1";"50,07";"10,44";"1954";"8";"15,6";"123"
"b1";"50,07";"10,44";"1954";"9";"13,1";"146"
"b1";"50,07";"10,44";"1954";"10";"9,4";"66"
"b1";"50,07";"10,44";"1954";"11";"3,2";"26"
"b1";"50,07";"10,44";"1954";"12";"2,6";"66"
"b1";"50,07";"10,44";"1955";"1";"-2,5";"50"
"b1";"50,07";"10,44";"1955";"2";"-2,0";"54"
"b1";"50,07";"10,44";"1955";"3";"1,0";"33"
"b1";"50,07";"10,44";"1955";"4";"7,1";"24"
"b1";"50,07";"10,44";"1955";"5";"10,4";"58"
"b1";"50,07";"10,44";"1955";"6";"15,1";"74"
"b1";"50,07";"10,44";"1955";"7";"17,3";"157"
"b1";"50,07";"10,44";"1955";"8";"16,4";"102"
"b1";"50,07";"10,44";"1955";"9";"12,8";"41"
"b1";"50,07";"10,44";"1955";"10";"7,5";"26"
"b1";"50,07";"10,44";"1955";"11";"2,9";"11"
"b1";"50,07";"10,44";"1955";"12";"1,6";"117"
"b1";"50,07";"10,44";"1956";"1";"-0,3";"45"
"b1";"50,07";"10,44";"1956";"2";"-10,1";"10"
"b1";"50,07";"10,44";"1956";"3";"3,1";"40"
"b1";"50,07";"10,44";"1956";"4";"6,0";"69"
"b1";"50,07";"10,44";"1956";"5";"12,8";"34"
"b1";"50,07";"10,44";"1956";"6";"13,5";"115"
"b1";"50,07";"10,44";"1956";"7";"16,9";"119"
"b1";"50,07";"10,44";"1956";"8";"14,0";"97"
"b1";"50,07";"10,44";"1956";"9";"13,3";"43"
"b1";"50,07";"10,44";"1956";"10";"7,9";"70"
"b1";"50,07";"10,44";"1956";"11";"2,1";"40"
"b1";"50,07";"10,44";"1956";"12";"1,0";"32"
"b1";"50,07";"10,44";"1957";"1";"-1,0";"34"
"b1";"50,07";"10,44";"1957";"2";"3,6";"81"
"b1";"50,07";"10,44";"1957";"3";"6,4";"42"
"b1";"50,07";"10,44";"1957";"4";"8,0";"13"
"b1";"50,07";"10,44";"1957";"5";"9,6";"23"
"b1";"50,07";"10,44";"1957";"6";"17,4";"69"
"b1";"50,07";"10,44";"1957";"7";"18,2";"65"
"b1";"50,07";"10,44";"1957";"8";"14,9";"71"
"b1";"50,07";"10,44";"1957";"9";"11,7";"171"
"b1";"50,07";"10,44";"1957";"10";"8,3";"19"
"b1";"50,07";"10,44";"1957";"11";"4,0";"14"
"b1";"50,07";"10,44";"1957";"12";"-0,1";"37"
"b1";"50,07";"10,44";"1958";"1";"-1,0";"67"
"b1";"50,07";"10,44";"1958";"2";"1,9";"84"
"b1";"50,07";"10,44";"1958";"3";"-0,6";"38"
"b1";"50,07";"10,44";"1958";"4";"5,6";"35"
"b1";"50,07";"10,44";"1958";"5";"13,7";"83"
"b1";"50,07";"10,44";"1958";"6";"14,6";"122"
"b1";"50,07";"10,44";"1958";"7";"16,8";"156"
"b1";"50,07";"10,44";"1958";"8";"17,0";"88"
"b1";"50,07";"10,44";"1958";"9";"14,2";"57"
"b1";"50,07";"10,44";"1958";"10";"8,4";"53"
"b1";"50,07";"10,44";"1958";"11";"4,6";"20"
"b1";"50,07";"10,44";"1958";"12";"1,9";"71"
"b1";"50,07";"10,44";"1959";"1";"-0,4";"39"
"b1";"50,07";"10,44";"1959";"2";"-0,7";"5"
"b1";"50,07";"10,44";"1959";"3";"6,3";"38"
"b1";"50,07";"10,44";"1959";"4";"9,6";"64"
"b1";"50,07";"10,44";"1959";"5";"13,1";"46"
"b1";"50,07";"10,44";"1959";"6";"16,5";"73"
"b1";"50,07";"10,44";"1959";"7";"19,6";"34"
"b1";"50,07";"10,44";"1959";"8";"17,4";"99"
"b1";"50,07";"10,44";"1959";"9";"13,4";"2"
"b1";"50,07";"10,44";"1959";"10";"7,5";"70"
"b1";"50,07";"10,44";"1959";"11";"2,7";"51"
"b1";"50,07";"10,44";"1959";"12";"2,3";"66"
"b1";"50,07";"10,44";"1960";"1";"-0,6";"51"
"b1";"50,07";"10,44";"1960";"2";"0,4";"31"
"b1";"50,07";"10,44";"1960";"3";"4,9";"27"
"b1";"50,07";"10,44";"1960";"4";"8,2";"29"
"b1";"50,07";"10,44";"1960";"5";"13,3";"46"
"b1";"50,07";"10,44";"1960";"6";"17,0";"28"
"b1";"50,07";"10,44";"1960";"7";"15,6";"63"
"b1";"50,07";"10,44";"1960";"8";"15,9";"83"
"b1";"50,07";"10,44";"1960";"9";"12,2";"32"
"b1";"50,07";"10,44";"1960";"10";"8,9";"123"
"b1";"50,07";"10,44";"1960";"11";"5,6";"91"
"b1";"50,07";"10,44";"1960";"12";"0,6";"85"
"b1";"50,07";"10,44";"1961";"1";"-1,0";"59"
"b1";"50,07";"10,44";"1961";"2";"3,9";"64"
"b1";"50,07";"10,44";"1961";"3";"5,6";"22"
"b1";"50,07";"10,44";"1961";"4";"11,2";"68"
"b1";"50,07";"10,44";"1961";"5";"10,1";"96"
"b1";"50,07";"10,44";"1961";"6";"15,7";"122"
"b1";"50,07";"10,44";"1961";"7";"14,6";"109"
"b1";"50,07";"10,44";"1961";"8";"15,7";"79"
"b1";"50,07";"10,44";"1961";"9";"16,2";"41"
"b1";"50,07";"10,44";"1961";"10";"10,0";"53"
"b1";"50,07";"10,44";"1961";"11";"3,3";"45"
"b1";"50,07";"10,44";"1961";"12";"-0,5";"86"
"b1";"50,07";"10,44";"1962";"1";"1,2";"58"
"b1";"50,07";"10,44";"1962";"2";"-0,3";"68"
"b1";"50,07";"10,44";"1962";"3";"0,1";"56"
"b1";"50,07";"10,44";"1962";"4";"8,7";"48"
"b1";"50,07";"10,44";"1962";"5";"9,6";"56"
"b1";"50,07";"10,44";"1962";"6";"14,5";"35"
"b1";"50,07";"10,44";"1962";"7";"15,1";"64"
"b1";"50,07";"10,44";"1962";"8";"16,4";"42"
"b1";"50,07";"10,44";"1962";"9";"12,1";"99"
"b1";"50,07";"10,44";"1962";"10";"8,5";"13"
"b1";"50,07";"10,44";"1962";"11";"1,6";"20"
"b1";"50,07";"10,44";"1962";"12";"-4,8";"63"
"b1";"50,07";"10,44";"1963";"1";"-7,4";"15"
"b1";"50,07";"10,44";"1963";"2";"-6,3";"16"
"b1";"50,07";"10,44";"1963";"3";"1,5";"64"
"b1";"50,07";"10,44";"1963";"4";"8,8";"48"
"b1";"50,07";"10,44";"1963";"5";"12,2";"29"
"b1";"50,07";"10,44";"1963";"6";"15,6";"84"
"b1";"50,07";"10,44";"1963";"7";"17,7";"38"
"b1";"50,07";"10,44";"1963";"8";"15,8";"118"
"b1";"50,07";"10,44";"1963";"9";"13,8";"36"
"b1";"50,07";"10,44";"1963";"10";"7,2";"41"
"b1";"50,07";"10,44";"1963";"11";"6,7";"112"
"b1";"50,07";"10,44";"1963";"12";"-4,3";"6"
"b1";"50,07";"10,44";"1964";"1";"-4,9";"23"
"b1";"50,07";"10,44";"1964";"2";"0,4";"23"
"b1";"50,07";"10,44";"1964";"3";"0,7";"32"
"b1";"50,07";"10,44";"1964";"4";"8,8";"39"
"b1";"50,07";"10,44";"1964";"5";"13,8";"46"
"b1";"50,07";"10,44";"1964";"6";"17,4";"32"
"b1";"50,07";"10,44";"1964";"7";"18,6";"30"
"b1";"50,07";"10,44";"1964";"8";"16,0";"43"
"b1";"50,07";"10,44";"1964";"9";"13,1";"47"
"b1";"50,07";"10,44";"1964";"10";"7,2";"41"
"b1";"50,07";"10,44";"1964";"11";"4,7";"88"
"b1";"50,07";"10,44";"1964";"12";"-0,4";"30"
"b1";"50,07";"10,44";"1965";"1";"0,6";"107"
"b1";"50,07";"10,44";"1965";"2";"-2,3";"36"
"b1";"50,07";"10,44";"1965";"3";"1,9";"86"
"b1";"50,07";"10,44";"1965";"4";"6,4";"87"
"b1";"50,07";"10,44";"1965";"5";"11,6";"56"
"b1";"50,07";"10,44";"1965";"6";"15,7";"104"
"b1";"50,07";"10,44";"1965";"7";"15,2";"116"
"b1";"50,07";"10,44";"1965";"8";"14,6";"54"
"b1";"50,07";"10,44";"1965";"9";"11,7";"73"
"b1";"50,07";"10,44";"1965";"10";"7,4";"9"
"b1";"50,07";"10,44";"1965";"11";"1,5";"137"
"b1";"50,07";"10,44";"1965";"12";"2,8";"145"
"b1";"50,07";"10,44";"1966";"1";"-3,1";"40"
"b1";"50,07";"10,44";"1966";"2";"5,0";"61"
"b1";"50,07";"10,44";"1966";"3";"2,8";"68"
"b1";"50,07";"10,44";"1966";"4";"9,6";"97"
"b1";"50,07";"10,44";"1966";"5";"13,0";"101"
"b1";"50,07";"10,44";"1966";"6";"16,7";"136"
"b1";"50,07";"10,44";"1966";"7";"15,0";"96"
"b1";"50,07";"10,44";"1966";"8";"15,4";"81"
"b1";"50,07";"10,44";"1966";"9";"13,0";"32"
"b1";"50,07";"10,44";"1966";"10";"11,0";"63"
"b1";"50,07";"10,44";"1966";"11";"1,5";"64"
"b1";"50,07";"10,44";"1966";"12";"1,7";"135"
"b1";"50,07";"10,44";"1967";"1";"0,0";"48"
"b1";"50,07";"10,44";"1967";"2";"2,2";"51"
"b1";"50,07";"10,44";"1967";"3";"4,9";"72"
"b1";"50,07";"10,44";"1967";"4";"6,7";"30"
"b1";"50,07";"10,44";"1967";"5";"12,5";"51"
"b1";"50,07";"10,44";"1967";"6";"14,8";"55"
"b1";"50,07";"10,44";"1967";"7";"19,0";"45"
"b1";"50,07";"10,44";"1967";"8";"16,4";"66"
"b1";"50,07";"10,44";"1967";"9";"13,4";"80"
"b1";"50,07";"10,44";"1967";"10";"10,9";"80"
"b1";"50,07";"10,44";"1967";"11";"2,8";"47"
"b1";"50,07";"10,44";"1967";"12";"-0,6";"117"
"b1";"50,07";"10,44";"1968";"1";"-2,1";"77"
"b1";"50,07";"10,44";"1968";"2";"0,5";"66"
"b1";"50,07";"10,44";"1968";"3";"3,8";"46"
"b1";"50,07";"10,44";"1968";"4";"8,6";"71"
"b1";"50,07";"10,44";"1968";"5";"11,2";"52"
"b1";"50,07";"10,44";"1968";"6";"15,9";"47"
"b1";"50,07";"10,44";"1968";"7";"16,5";"31"
"b1";"50,07";"10,44";"1968";"8";"16,0";"96"
"b1";"50,07";"10,44";"1968";"9";"13,0";"113"
"b1";"50,07";"10,44";"1968";"10";"9,6";"68"
"b1";"50,07";"10,44";"1968";"11";"2,8";"24"
"b1";"50,07";"10,44";"1968";"12";"-2,2";"30"
"b1";"50,07";"10,44";"1969";"1";"-0,4";"43"
"b1";"50,07";"10,44";"1969";"2";"-2,8";"59"
"b1";"50,07";"10,44";"1969";"3";"1,9";"66"
"b1";"50,07";"10,44";"1969";"4";"7,1";"87"
"b1";"50,07";"10,44";"1969";"5";"13,2";"126"
"b1";"50,07";"10,44";"1969";"6";"14,8";"134"
"b1";"50,07";"10,44";"1969";"7";"18,5";"48"
"b1";"50,07";"10,44";"1969";"8";"16,3";"104"
"b1";"50,07";"10,44";"1969";"9";"13,1";"32"
"b1";"50,07";"10,44";"1969";"10";"9,1";"6"
"b1";"50,07";"10,44";"1969";"11";"4,5";"83"
"b1";"50,07";"10,44";"1969";"12";"-5,4";"31"
"b1";"50,07";"10,44";"1970";"1";"-2,9";"46"
"b1";"50,07";"10,44";"1970";"2";"-1,1";"136"
"b1";"50,07";"10,44";"1970";"3";"0,6";"41"
"b1";"50,07";"10,44";"1970";"4";"5,3";"88"
"b1";"50,07";"10,44";"1970";"5";"11,3";"89"
"b1";"50,07";"10,44";"1970";"6";"17,3";"62"
"b1";"50,07";"10,44";"1970";"7";"15,5";"81"
"b1";"50,07";"10,44";"1970";"8";"16,5";"57"
"b1";"50,07";"10,44";"1970";"9";"12,9";"13"
"b1";"50,07";"10,44";"1970";"10";"8,9";"87"
"b1";"50,07";"10,44";"1970";"11";"5,1";"60"
"b1";"50,07";"10,44";"1970";"12";"-0,3";"59"
"b1";"50,07";"10,44";"1971";"1";"-3,0";"45"
"b1";"50,07";"10,44";"1971";"2";"0,8";"21"
"b1";"50,07";"10,44";"1971";"3";"0,7";"14"
"b1";"50,07";"10,44";"1971";"4";"8,7";"58"
"b1";"50,07";"10,44";"1971";"5";"14,2";"121"
"b1";"50,07";"10,44";"1971";"6";"13,5";"112"
"b1";"50,07";"10,44";"1971";"7";"18,1";"9"
"b1";"50,07";"10,44";"1971";"8";"17,5";"92"
"b1";"50,07";"10,44";"1971";"9";"11,5";"29"
"b1";"50,07";"10,44";"1971";"10";"7,5";"30"
"b1";"50,07";"10,44";"1971";"11";"2,6";"66"
"b1";"50,07";"10,44";"1971";"12";"2,8";"35"
"b1";"50,07";"10,44";"1972";"1";"-2,6";"17"
"b1";"50,07";"10,44";"1972";"2";"1,8";"4"
"b1";"50,07";"10,44";"1972";"3";"5,2";"58"
"b1";"50,07";"10,44";"1972";"4";"7,2";"52"
"b1";"50,07";"10,44";"1972";"5";"11,0";"59"
"b1";"50,07";"10,44";"1972";"6";"14,2";"142"
"b1";"50,07";"10,44";"1972";"7";"17,4";"61"
"b1";"50,07";"10,44";"1972";"8";"15,3";"122"
"b1";"50,07";"10,44";"1972";"9";"10,3";"31"
"b1";"50,07";"10,44";"1972";"10";"5,9";"30"
"b1";"50,07";"10,44";"1972";"11";"3,1";"85"
"b1";"50,07";"10,44";"1972";"12";"-1,0";"9"
"b1";"50,07";"10,44";"1973";"1";"-0,8";"17"
"b1";"50,07";"10,44";"1973";"2";"0,0";"41"
"b1";"50,07";"10,44";"1973";"3";"3,2";"20"
"b1";"50,07";"10,44";"1973";"4";"5,0";"59"
"b1";"50,07";"10,44";"1973";"5";"12,9";"62"
"b1";"50,07";"10,44";"1973";"6";"16,1";"68"
"b1";"50,07";"10,44";"1973";"7";"16,8";"100"
"b1";"50,07";"10,44";"1973";"8";"17,8";"19"
"b1";"50,07";"10,44";"1973";"9";"14,0";"40"
"b1";"50,07";"10,44";"1973";"10";"6,7";"84"
"b1";"50,07";"10,44";"1973";"11";"2,5";"50"
"b1";"50,07";"10,44";"1973";"12";"-1,4";"63"
"b1";"50,07";"10,44";"1974";"1";"2,7";"41"
"b1";"50,07";"10,44";"1974";"2";"2,9";"49"
"b1";"50,07";"10,44";"1974";"3";"6,2";"28"
"b1";"50,07";"10,44";"1974";"4";"7,9";"19"
"b1";"50,07";"10,44";"1974";"5";"10,9";"44"
"b1";"50,07";"10,44";"1974";"6";"14,0";"74"
"b1";"50,07";"10,44";"1974";"7";"14,8";"89"
"b1";"50,07";"10,44";"1974";"8";"17,1";"74"
"b1";"50,07";"10,44";"1974";"9";"13,0";"56"
"b1";"50,07";"10,44";"1974";"10";"4,8";"115"
"b1";"50,07";"10,44";"1974";"11";"3,8";"61"
"b1";"50,07";"10,44";"1974";"12";"4,0";"93"
"b1";"50,07";"10,44";"1975";"1";"3,4";"58"
"b1";"50,07";"10,44";"1975";"2";"1,0";"18"
"b1";"50,07";"10,44";"1975";"3";"3,3";"33"
"b1";"50,07";"10,44";"1975";"4";"6,9";"62"
"b1";"50,07";"10,44";"1975";"5";"12,1";"44"
"b1";"50,07";"10,44";"1975";"6";"15,0";"73"
"b1";"50,07";"10,44";"1975";"7";"18,2";"28"
"b1";"50,07";"10,44";"1975";"8";"18,6";"100"
"b1";"50,07";"10,44";"1975";"9";"15,2";"102"
"b1";"50,07";"10,44";"1975";"10";"6,9";"44"
"b1";"50,07";"10,44";"1975";"11";"2,0";"47"
"b1";"50,07";"10,44";"1975";"12";"0,1";"28"
"b1";"50,07";"10,44";"1976";"1";"1,4";"82"
"b1";"50,07";"10,44";"1976";"2";"-0,3";"15"
"b1";"50,07";"10,44";"1976";"3";"1,0";"18"
"b1";"50,07";"10,44";"1976";"4";"7,1";"11"
"b1";"50,07";"10,44";"1976";"5";"13,1";"25"
"b1";"50,07";"10,44";"1976";"6";"18,1";"32"
"b1";"50,07";"10,44";"1976";"7";"19,9";"45"
"b1";"50,07";"10,44";"1976";"8";"16,5";"15"
"b1";"50,07";"10,44";"1976";"9";"12,4";"64"
"b1";"50,07";"10,44";"1976";"10";"9,1";"33"
"b1";"50,07";"10,44";"1976";"11";"4,3";"48"
"b1";"50,07";"10,44";"1976";"12";"-2,1";"35"
"b1";"50,07";"10,44";"1977";"1";"-0,3";"78"
"b1";"50,07";"10,44";"1977";"2";"2,8";"95"
"b1";"50,07";"10,44";"1977";"3";"5,9";"48"
"b1";"50,07";"10,44";"1977";"4";"5,5";"51"
"b1";"50,07";"10,44";"1977";"5";"11,6";"16"
"b1";"50,07";"10,44";"1977";"6";"15,4";"82"
"b1";"50,07";"10,44";"1977";"7";"16,7";"42"
"b1";"50,07";"10,44";"1977";"8";"15,8";"98"
"b1";"50,07";"10,44";"1977";"9";"11,8";"22"
"b1";"50,07";"10,44";"1977";"10";"9,6";"65"
"b1";"50,07";"10,44";"1977";"11";"4,5";"110"
"b1";"50,07";"10,44";"1977";"12";"1,0";"63"
"b1";"50,07";"10,44";"1978";"1";"0,4";"37"
"b1";"50,07";"10,44";"1978";"2";"-1,7";"17"
"b1";"50,07";"10,44";"1978";"3";"4,5";"66"
"b1";"50,07";"10,44";"1978";"4";"6,9";"11"
"b1";"50,07";"10,44";"1978";"5";"11,4";"88"
"b1";"50,07";"10,44";"1978";"6";"14,7";"36"
"b1";"50,07";"10,44";"1978";"7";"15,1";"81"
"b1";"50,07";"10,44";"1978";"8";"14,5";"68"
"b1";"50,07";"10,44";"1978";"9";"11,9";"67"
"b1";"50,07";"10,44";"1978";"10";"7,9";"51"
"b1";"50,07";"10,44";"1978";"11";"2,7";"8"
"b1";"50,07";"10,44";"1978";"12";"0,4";"133"
"b1";"50,07";"10,44";"1979";"1";"-5,7";"26"
"b1";"50,07";"10,44";"1979";"2";"-1,2";"54"
"b1";"50,07";"10,44";"1979";"3";"3,9";"90"
"b1";"50,07";"10,44";"1979";"4";"6,1";"54"
"b1";"50,07";"10,44";"1979";"5";"11,9";"36"
"b1";"50,07";"10,44";"1979";"6";"16,9";"62"
"b1";"50,07";"10,44";"1979";"7";"15,4";"51"
"b1";"50,07";"10,44";"1979";"8";"15,2";"33"
"b1";"50,07";"10,44";"1979";"9";"12,7";"68"
"b1";"50,07";"10,44";"1979";"10";"8,4";"16"
"b1";"50,07";"10,44";"1979";"11";"2,7";"79"
"b1";"50,07";"10,44";"1979";"12";"3,5";"129"
"b1";"50,07";"10,44";"1980";"1";"-2,7";"42"
"b1";"50,07";"10,44";"1980";"2";"2,3";"72"
"b1";"50,07";"10,44";"1980";"3";"4,1";"49"
"b1";"50,07";"10,44";"1980";"4";"5,8";"54"
"b1";"50,07";"10,44";"1980";"5";"10,6";"52"
"b1";"50,07";"10,44";"1980";"6";"14,6";"81"
"b1";"50,07";"10,44";"1980";"7";"14,4";"196"
"b1";"50,07";"10,44";"1980";"8";"16,5";"35"
"b1";"50,07";"10,44";"1980";"9";"13,4";"37"
"b1";"50,07";"10,44";"1980";"10";"7,0";"49"
"b1";"50,07";"10,44";"1980";"11";"2,2";"42"
"b1";"50,07";"10,44";"1980";"12";"-0,7";"67"
"b1";"50,07";"10,44";"1981";"1";"-3,6";"76"
"b1";"50,07";"10,44";"1981";"2";"-1,5";"30"
"b1";"50,07";"10,44";"1981";"3";"6,7";"76"
"b1";"50,07";"10,44";"1981";"4";"8,0";"48"
"b1";"50,07";"10,44";"1981";"5";"12,6";"117"
"b1";"50,07";"10,44";"1981";"6";"15,5";"41"
"b1";"50,07";"10,44";"1981";"7";"16,0";"51"
"b1";"50,07";"10,44";"1981";"8";"16,1";"81"
"b1";"50,07";"10,44";"1981";"9";"13,9";"57"
"b1";"50,07";"10,44";"1981";"10";"8,0";"126"
"b1";"50,07";"10,44";"1981";"11";"4,2";"65"
"b1";"50,07";"10,44";"1981";"12";"-2,7";"136"
"b1";"50,07";"10,44";"1982";"1";"-3,8";"74"
"b1";"50,07";"10,44";"1982";"2";"-1,1";"8"
"b1";"50,07";"10,44";"1982";"3";"3,7";"48"
"b1";"50,07";"10,44";"1982";"4";"6,5";"52"
"b1";"50,07";"10,44";"1982";"5";"12,3";"50"
"b1";"50,07";"10,44";"1982";"6";"16,3";"69"
"b1";"50,07";"10,44";"1982";"7";"19,2";"79"
"b1";"50,07";"10,44";"1982";"8";"17,0";"52"
"b1";"50,07";"10,44";"1982";"9";"15,4";"26"
"b1";"50,07";"10,44";"1982";"10";"8,7";"93"
"b1";"50,07";"10,44";"1982";"11";"4,9";"44"
"b1";"50,07";"10,44";"1982";"12";"1,8";"91"
"b1";"50,07";"10,44";"1983";"1";"3,0";"98"
"b1";"50,07";"10,44";"1983";"2";"-2,5";"44"
"b1";"50,07";"10,44";"1983";"3";"3,8";"50"
"b1";"50,07";"10,44";"1983";"4";"8,6";"129"
"b1";"50,07";"10,44";"1983";"5";"10,8";"135"
"b1";"50,07";"10,44";"1983";"6";"16,5";"22"
"b1";"50,07";"10,44";"1983";"7";"20,9";"22"
"b1";"50,07";"10,44";"1983";"8";"18,5";"37"
"b1";"50,07";"10,44";"1983";"9";"13,5";"64"
"b1";"50,07";"10,44";"1983";"10";"8,4";"30"
"b1";"50,07";"10,44";"1983";"11";"1,9";"53"
"b1";"50,07";"10,44";"1983";"12";"-1,1";"45"
"b1";"50,07";"10,44";"1984";"1";"0,3";"102"
"b1";"50,07";"10,44";"1984";"2";"-0,5";"75"
"b1";"50,07";"10,44";"1984";"3";"1,7";"16"
"b1";"50,07";"10,44";"1984";"4";"6,4";"43"
"b1";"50,07";"10,44";"1984";"5";"10,1";"148"
"b1";"50,07";"10,44";"1984";"6";"13,8";"73"
"b1";"50,07";"10,44";"1984";"7";"15,7";"73"
"b1";"50,07";"10,44";"1984";"8";"16,6";"24"
"b1";"50,07";"10,44";"1984";"9";"11,9";"105"
"b1";"50,07";"10,44";"1984";"10";"9,6";"53"
"b1";"50,07";"10,44";"1984";"11";"4,1";"86"
"b1";"50,07";"10,44";"1984";"12";"0,7";"37"
"b1";"50,07";"10,44";"1985";"1";"-6,4";"42"
"b1";"50,07";"10,44";"1985";"2";"-5,1";"24"
"b1";"50,07";"10,44";"1985";"3";"2,4";"20"
"b1";"50,07";"10,44";"1985";"4";"7,6";"43"
"b1";"50,07";"10,44";"1985";"5";"13,7";"48"
"b1";"50,07";"10,44";"1985";"6";"13,2";"90"
"b1";"50,07";"10,44";"1985";"7";"16,9";"92"
"b1";"50,07";"10,44";"1985";"8";"15,8";"60"
"b1";"50,07";"10,44";"1985";"9";"13,1";"35"
"b1";"50,07";"10,44";"1985";"10";"8,0";"9"
"b1";"50,07";"10,44";"1985";"11";"0,1";"66"
"b1";"50,07";"10,44";"1985";"12";"2,3";"50"
"b1";"50,07";"10,44";"1986";"1";"-0,1";"97"
"b1";"50,07";"10,44";"1986";"2";"-6,4";"11"
"b1";"50,07";"10,44";"1986";"3";"2,8";"85"
"b1";"50,07";"10,44";"1986";"4";"6,5";"69"
"b1";"50,07";"10,44";"1986";"5";"14,4";"72"
"b1";"50,07";"10,44";"1986";"6";"16,1";"77"
"b1";"50,07";"10,44";"1986";"7";"16,8";"45"
"b1";"50,07";"10,44";"1986";"8";"16,3";"81"
"b1";"50,07";"10,44";"1986";"9";"10,8";"70"
"b1";"50,07";"10,44";"1986";"10";"8,7";"99"
"b1";"50,07";"10,44";"1986";"11";"4,3";"46"
"b1";"50,07";"10,44";"1986";"12";"1,3";"99"
"b1";"50,07";"10,44";"1987";"1";"-6,2";"56"
"b1";"50,07";"10,44";"1987";"2";"-1,1";"63"
"b1";"50,07";"10,44";"1987";"3";"-0,9";"91"
"b1";"50,07";"10,44";"1987";"4";"9,1";"25"
"b1";"50,07";"10,44";"1987";"5";"9,5";"103"
"b1";"50,07";"10,44";"1987";"6";"13,9";"167"
"b1";"50,07";"10,44";"1987";"7";"17,0";"98"
"b1";"50,07";"10,44";"1987";"8";"15,2";"65"
"b1";"50,07";"10,44";"1987";"9";"14,4";"64"
"b1";"50,07";"10,44";"1987";"10";"8,8";"50"
"b1";"50,07";"10,44";"1987";"11";"4,1";"67"
"b1";"50,07";"10,44";"1987";"12";"1,3";"66"
"b1";"50,07";"10,44";"1988";"1";"2,7";"77"
"b1";"50,07";"10,44";"1988";"2";"1,6";"87"
"b1";"50,07";"10,44";"1988";"3";"2,5";"149"
"b1";"50,07";"10,44";"1988";"4";"8,1";"38"
"b1";"50,07";"10,44";"1988";"5";"14,4";"34"
"b1";"50,07";"10,44";"1988";"6";"15,1";"45"
"b1";"50,07";"10,44";"1988";"7";"16,7";"77"
"b1";"50,07";"10,44";"1988";"8";"17,2";"44"
"b1";"50,07";"10,44";"1988";"9";"12,9";"66"
"b1";"50,07";"10,44";"1988";"10";"9,6";"58"
"b1";"50,07";"10,44";"1988";"11";"2,0";"69"
"b1";"50,07";"10,44";"1988";"12";"2,9";"96"
"b1";"50,07";"10,44";"1989";"1";"1,3";"40"
"b1";"50,07";"10,44";"1989";"2";"2,3";"30"
"b1";"50,07";"10,44";"1989";"3";"6,2";"54"
"b1";"50,07";"10,44";"1989";"4";"6,7";"122"
"b1";"50,07";"10,44";"1989";"5";"14,0";"41"
"b1";"50,07";"10,44";"1989";"6";"15,0";"58"
"b1";"50,07";"10,44";"1989";"7";"17,8";"53"
"b1";"50,07";"10,44";"1989";"8";"16,7";"39"
"b1";"50,07";"10,44";"1989";"9";"14,2";"40"
"b1";"50,07";"10,44";"1989";"10";"9,2";"67"
"b1";"50,07";"10,44";"1989";"11";"1,6";"53"
"b1";"50,07";"10,44";"1989";"12";"1,5";"117"
"b1";"50,07";"10,44";"1990";"1";"1,4";"24"
"b1";"50,07";"10,44";"1990";"2";"4,5";"105"
"b1";"50,07";"10,44";"1990";"3";"6,2";"20"
"b1";"50,07";"10,44";"1990";"4";"7,0";"46"
"b1";"50,07";"10,44";"1990";"5";"13,9";"13"
"b1";"50,07";"10,44";"1990";"6";"14,8";"152"
"b1";"50,07";"10,44";"1990";"7";"16,3";"32"
"b1";"50,07";"10,44";"1990";"8";"18,3";"36"
"b1";"50,07";"10,44";"1990";"9";"11,3";"65"
"b1";"50,07";"10,44";"1990";"10";"9,0";"55"
"b1";"50,07";"10,44";"1990";"11";"4,1";"128"
"b1";"50,07";"10,44";"1990";"12";"-0,1";"66"
"b1";"50,07";"10,44";"1991";"1";"1,0";"45"
"b1";"50,07";"10,44";"1991";"2";"-3,5";"19"
"b1";"50,07";"10,44";"1991";"3";"5,6";"24"
"b1";"50,07";"10,44";"1991";"4";"6,6";"34"
"b1";"50,07";"10,44";"1991";"5";"9,4";"30"
"b1";"50,07";"10,44";"1991";"6";"13,5";"91"
"b1";"50,07";"10,44";"1991";"7";"19,3";"54"
"b1";"50,07";"10,44";"1991";"8";"18,1";"8"
"b1";"50,07";"10,44";"1991";"9";"14,6";"46"
"b1";"50,07";"10,44";"1991";"10";"7,2";"16"
"b1";"50,07";"10,44";"1991";"11";"3,3";"95"
"b1";"50,07";"10,44";"1991";"12";"-0,9";"74"
"b1";"50,07";"10,44";"1992";"1";"0,5";"41"
"b1";"50,07";"10,44";"1992";"2";"1,6";"30"
"b1";"50,07";"10,44";"1992";"3";"4,1";"97"
"b1";"50,07";"10,44";"1992";"4";"7,4";"38"
"b1";"50,07";"10,44";"1992";"5";"14,8";"36"
"b1";"50,07";"10,44";"1992";"6";"16,7";"163"
"b1";"50,07";"10,44";"1992";"7";"17,9";"199"
"b1";"50,07";"10,44";"1992";"8";"18,9";"71"
"b1";"50,07";"10,44";"1992";"9";"12,5";"24"
"b1";"50,07";"10,44";"1992";"10";"6,2";"81"
"b1";"50,07";"10,44";"1992";"11";"4,8";"86"
"b1";"50,07";"10,44";"1992";"12";"0,4";"42"
"b1";"50,07";"10,44";"1993";"1";"1,8";"83"
"b1";"50,07";"10,44";"1993";"2";"-1,8";"17"
"b1";"50,07";"10,44";"1993";"3";"3,0";"8"
"b1";"50,07";"10,44";"1993";"4";"10,7";"39"
"b1";"50,07";"10,44";"1993";"5";"14,7";"45"
"b1";"50,07";"10,44";"1993";"6";"16,0";"52"
"b1";"50,07";"10,44";"1993";"7";"16,4";"73"
"b1";"50,07";"10,44";"1993";"8";"16,5";"28"
"b1";"50,07";"10,44";"1993";"9";"12,3";"66"
"b1";"50,07";"10,44";"1993";"10";"7,4";"72"
"b1";"50,07";"10,44";"1993";"11";"-0,2";"40"
"b1";"50,07";"10,44";"1993";"12";"2,8";"185"
"b1";"50,07";"10,44";"1994";"1";"2,5";"76"
"b1";"50,07";"10,44";"1994";"2";"0,1";"41"
"b1";"50,07";"10,44";"1994";"3";"6,1";"74"
"b1";"50,07";"10,44";"1994";"4";"7,5";"68"
"b1";"50,07";"10,44";"1994";"5";"12,8";"55"
"b1";"50,07";"10,44";"1994";"6";"16,8";"41"
"b1";"50,07";"10,44";"1994";"7";"21,5";"108"
"b1";"50,07";"10,44";"1994";"8";"17,7";"73"
"b1";"50,07";"10,44";"1994";"9";"12,9";"66"
"b1";"50,07";"10,44";"1994";"10";"7,1";"56"
"b1";"50,07";"10,44";"1994";"11";"6,8";"49"
"b1";"50,07";"10,44";"1994";"12";"3,2";"66"
"b1";"50,07";"10,44";"1995";"1";"-0,8";"154"
"b1";"50,07";"10,44";"1995";"2";"4,0";"88"
"b1";"50,07";"10,44";"1995";"3";"2,6";"83"
"b1";"50,07";"10,44";"1995";"4";"9,1";"67"
"b1";"50,07";"10,44";"1995";"5";"12,0";"62"
"b1";"50,07";"10,44";"1995";"6";"14,3";"62"
"b1";"50,07";"10,44";"1995";"7";"19,9";"144"
"b1";"50,07";"10,44";"1995";"8";"17,7";"87"
"b1";"50,07";"10,44";"1995";"9";"12,0";"105"
"b1";"50,07";"10,44";"1995";"10";"11,2";"40"
"b1";"50,07";"10,44";"1995";"11";"2,1";"44"
"b1";"50,07";"10,44";"1995";"12";"-1,4";"64"
"b1";"50,07";"10,44";"1996";"1";"-2,8";"2"
"b1";"50,07";"10,44";"1996";"2";"-1,9";"39"
"b1";"50,07";"10,44";"1996";"3";"1,1";"25"
"b1";"50,07";"10,44";"1996";"4";"7,9";"32"
"b1";"50,07";"10,44";"1996";"5";"11,1";"87"
"b1";"50,07";"10,44";"1996";"6";"15,9";"31"
"b1";"50,07";"10,44";"1996";"7";"15,4";"151"
"b1";"50,07";"10,44";"1996";"8";"16,5";"60"
"b1";"50,07";"10,44";"1996";"9";"10,5";"35"
"b1";"50,07";"10,44";"1996";"10";"9,0";"98"
"b1";"50,07";"10,44";"1996";"11";"4,2";"72"
"b1";"50,07";"10,44";"1996";"12";"-2,9";"33"
"b1";"50,07";"10,44";"1997";"1";"-3,5";"32"
"b1";"50,07";"10,44";"1997";"2";"3,3";"97"
"b1";"50,07";"10,44";"1997";"3";"6,1";"43"
"b1";"50,07";"10,44";"1997";"4";"6,1";"27"
"b1";"50,07";"10,44";"1997";"5";"12,8";"29"
"b1";"50,07";"10,44";"1997";"6";"15,5";"111"
"b1";"50,07";"10,44";"1997";"7";"16,5";"122"
"b1";"50,07";"10,44";"1997";"8";"19,5";"14"
"b1";"50,07";"10,44";"1997";"9";"13,4";"21"
"b1";"50,07";"10,44";"1997";"10";"7,0";"59"
"b1";"50,07";"10,44";"1997";"11";"3,7";"53"
"b1";"50,07";"10,44";"1997";"12";"1,8";"61"
"b1";"50,07";"10,44";"1998";"1";"1,5";"68"
"b1";"50,07";"10,44";"1998";"2";"2,5";"15"
"b1";"50,07";"10,44";"1998";"3";"4,8";"41"
"b1";"50,07";"10,44";"1998";"4";"8,6";"66"
"b1";"50,07";"10,44";"1998";"5";"13,9";"31"
"b1";"50,07";"10,44";"1998";"6";"16,6";"42"
"b1";"50,07";"10,44";"1998";"7";"16,2";"87"
"b1";"50,07";"10,44";"1998";"8";"16,8";"52"
"b1";"50,07";"10,44";"1998";"9";"12,8";"143"
"b1";"50,07";"10,44";"1998";"10";"8,8";"211"
"b1";"50,07";"10,44";"1998";"11";"1,4";"79"
"b1";"50,07";"10,44";"1998";"12";"0,3";"43"
"b1";"50,07";"10,44";"1999";"1";"1,7";"75"
"b1";"50,07";"10,44";"1999";"2";"-0,3";"55"
"b1";"50,07";"10,44";"1999";"3";"5,1";"77"
"b1";"50,07";"10,44";"1999";"4";"8,7";"62"
"b1";"50,07";"10,44";"1999";"5";"13,7";"76"
"b1";"50,07";"10,44";"1999";"6";"15,3";"87"
"b1";"50,07";"10,44";"1999";"7";"18,7";"128"
"b1";"50,07";"10,44";"1999";"8";"16,8";"41"
"b1";"50,07";"10,44";"1999";"9";"16,4";"67"
"b1";"50,07";"10,44";"1999";"10";"8,2";"41"
"b1";"50,07";"10,44";"1999";"11";"2,5";"69"
"b1";"50,07";"10,44";"1999";"12";"1,4";"104"
"b1";"50,07";"10,44";"2000";"1";"0,6";"43"
"b1";"50,07";"10,44";"2000";"2";"3,1";"97"
"b1";"50,07";"10,44";"2000";"3";"5,2";"74"
"b1";"50,07";"10,44";"2000";"4";"9,8";"30"
"b1";"50,07";"10,44";"2000";"5";"14,6";"52"
"b1";"50,07";"10,44";"2000";"6";"17,4";"44"
"b1";"50,07";"10,44";"2000";"7";"14,9";"156"
"b1";"50,07";"10,44";"2000";"8";"17,7";"88"
"b1";"50,07";"10,44";"2000";"9";"13,5";"78"
"b1";"50,07";"10,44";"2000";"10";"9,9";"62"
"b1";"50,07";"10,44";"2000";"11";"5,3";"55"
"b1";"50,07";"10,44";"2000";"12";"1,8";"35"
"b1";"50,07";"10,44";"2001";"1";"0,2";"78"
"b1";"50,07";"10,44";"2001";"2";"2,4";"45"
"b1";"50,07";"10,44";"2001";"3";"4,8";"141"
"b1";"50,07";"10,44";"2001";"4";"6,8";"79"
"b1";"50,07";"10,44";"2001";"5";"15,0";"36"
"b1";"50,07";"10,44";"2001";"6";"14,4";"69"
"b1";"50,07";"10,44";"2001";"7";"18,5";"53"
"b1";"50,07";"10,44";"2001";"8";"18,6";"41"
"b1";"50,07";"10,44";"2001";"9";"11,3";"103"
"b1";"50,07";"10,44";"2001";"10";"11,6";"63"
"b1";"50,07";"10,44";"2001";"11";"2,8";"118"
"b1";"50,07";"10,44";"2001";"12";"-0,9";"98"
"b1";"50,07";"10,44";"2002";"1";"-0,5";"50"
"b1";"50,07";"10,44";"2002";"2";"4,6";"141"
"b1";"50,07";"10,44";"2002";"3";"5,1";"46"
"b1";"50,07";"10,44";"2002";"4";"8,1";"39"
"b1";"50,07";"10,44";"2002";"5";"13,6";"89"
"b1";"50,07";"10,44";"2002";"6";"17,7";"59"
"b1";"50,07";"10,44";"2002";"7";"17,6";"98"
"b1";"50,07";"10,44";"2002";"8";"18,6";"72"
"b1";"50,07";"10,44";"2002";"9";"12,6";"46"
"b1";"50,07";"10,44";"2002";"10";"8,3";"136"
"b1";"50,07";"10,44";"2002";"11";"5,9";"126"
"b1";"50,07";"10,44";"2002";"12";"0,8";"82"
"b1";"50,07";"10,44";"2003";"1";"-0,7";"85"
"b1";"50,07";"10,44";"2003";"2";"-2,1";"24"
"b1";"50,07";"10,44";"2003";"3";"5,3";"20"
"b1";"50,07";"10,44";"2003";"4";"8,4";"20"
"b1";"50,07";"10,44";"2003";"5";"14,4";"74"
"b1";"50,07";"10,44";"2003";"6";"20,4";"43"
"b1";"50,07";"10,44";"2003";"7";"19,2";"55"
"b1";"50,07";"10,44";"2003";"8";"21,7";"19"
"b1";"50,07";"10,44";"2003";"9";"13,3";"34"
"b1";"50,07";"10,44";"2003";"10";"6,0";"61"
"b1";"50,07";"10,44";"2003";"11";"5,1";"46"
"b1";"50,07";"10,44";"2003";"12";"1,0";"44"
"b1";"50,07";"10,44";"2004";"1";"-0,4";"97"
"b1";"50,07";"10,44";"2004";"2";"2,3";"26"
"b1";"50,07";"10,44";"2004";"3";"3,4";"30"
"b1";"50,07";"10,44";"2004";"4";"9,3";"29"
"b1";"50,07";"10,44";"2004";"5";"11,0";"98"
"b1";"50,07";"10,44";"2004";"6";"15,3";"55"
"b1";"50,07";"10,44";"2004";"7";"16,8";"121"
"b1";"50,07";"10,44";"2004";"8";"18,2";"72"
"b1";"50,07";"10,44";"2004";"9";"13,7";"85"
"b1";"50,07";"10,44";"2004";"10";"9,4";"41"
"b1";"50,07";"10,44";"2004";"11";"3,7";"58"
"b1";"50,07";"10,44";"2004";"12";"-0,2";"40"
"b1";"50,07";"10,44";"2005";"1";"1,2";"70"
"b1";"50,07";"10,44";"2005";"2";"-2,0";"61"
"b1";"50,07";"10,44";"2005";"3";"3,7";"29"
"b1";"50,07";"10,44";"2005";"4";"9,3";"78"
"b1";"50,07";"10,44";"2005";"5";"12,9";"60"
"b1";"50,07";"10,44";"2005";"6";"17,0";"42"
"b1";"50,07";"10,44";"2005";"7";"18,2";"83"
"b1";"50,07";"10,44";"2005";"8";"15,6";"67"
"b1";"50,07";"10,44";"2005";"9";"14,8";"68"
"b1";"50,07";"10,44";"2005";"10";"10,6";"30"
"b1";"50,07";"10,44";"2005";"11";"3,1";"44"
"b1";"50,07";"10,44";"2005";"12";"0,0";"57"
"b1";"50,07";"10,44";"2006";"1";"-2,5";"22"
"b1";"50,07";"10,44";"2006";"2";"-0,9";"52"
"b1";"50,07";"10,44";"2006";"3";"1,3";"78"
"b1";"50,07";"10,44";"2006";"4";"8,0";"56"
"b1";"50,07";"10,44";"2006";"5";"12,9";"125"
"b1";"50,07";"10,44";"2006";"6";"16,7";"54"
"b1";"50,07";"10,44";"2006";"7";"22,0";"50"
"b1";"50,07";"10,44";"2006";"8";"14,7";"97"
"b1";"50,07";"10,44";"2006";"9";"16,7";"28"
"b1";"50,07";"10,44";"2006";"10";"11,4";"87"
"b1";"50,07";"10,44";"2006";"11";"6,2";"42"
"b1";"50,07";"10,44";"2006";"12";"3,4";"37"
"b1";"50,07";"10,44";"2007";"1";"4,1";"78"
"b1";"50,07";"10,44";"2007";"2";"3,9";"80"
"b1";"50,07";"10,44";"2007";"3";"5,7";"59"
"b1";"50,07";"10,44";"2007";"4";"11,8";"1"
"b1";"50,07";"10,44";"2007";"5";"14,2";"125"
"b1";"50,07";"10,44";"2007";"6";"17,3";"126"
"b1";"50,07";"10,44";"2007";"7";"16,7";"132"
"b1";"50,07";"10,44";"2007";"8";"16,5";"52"
"b1";"50,07";"10,44";"2007";"9";"11,8";"99"
"b1";"50,07";"10,44";"2007";"10";"8,0";"10"
"b1";"50,07";"10,44";"2007";"11";"2,7";"90"
"b1";"50,07";"10,44";"2007";"12";"0,8";"62"
"b1";"50,07";"10,44";"2008";"1";"3,0";"52"
"b1";"50,07";"10,44";"2008";"2";"3,3";"64"
"b1";"50,07";"10,44";"2008";"3";"3,9";"84"
"b1";"50,07";"10,44";"2008";"4";"7,3";"91"
"b1";"50,07";"10,44";"2008";"5";"15,0";"11"
"b1";"50,07";"10,44";"2008";"6";"17,4";"51"
"b1";"50,07";"10,44";"2008";"7";"18,2";"48"
"b1";"50,07";"10,44";"2008";"8";"17,4";"51"
"b1";"50,07";"10,44";"2008";"9";"11,7";"95"
"b1";"50,07";"10,44";"2008";"10";"8,2";"76"
"b1";"50,07";"10,44";"2008";"11";"4,5";"38"
"b1";"50,07";"10,44";"2008";"12";"0,5";"64"
"b1";"50,07";"10,44";"2009";"1";"-3,8";"30"
"b1";"50,07";"10,44";"2009";"2";"-0,1";"53"
"b1";"50,07";"10,44";"2009";"3";"3,9";"67"
"b1";"50,07";"10,44";"2009";"4";"12,1";"55"
"b1";"50,07";"10,44";"2009";"5";"13,7";"66"
"b1";"50,07";"10,44";"2009";"6";"15,0";"61"
"b1";"50,07";"10,44";"2009";"7";"17,7";"83"
"b1";"50,07";"10,44";"2009";"8";"18,7";"40"
"b1";"50,07";"10,44";"2009";"9";"14,8";"55"
"b1";"50,07";"10,44";"2009";"10";"7,9";"58"
"b1";"50,07";"10,44";"2009";"11";"6,8";"94"
"b1";"50,07";"10,44";"2009";"12";"0,1";"113"
"b1";"50,07";"10,44";"2010";"1";"-3,7";"41"
"b1";"50,07";"10,44";"2010";"2";"-0,6";"42"
"b1";"50,07";"10,44";"2010";"3";"4,0";"39"
"b1";"50,07";"10,44";"2010";"4";"8,8";"19"
"b1";"50,07";"10,44";"2010";"5";"10,7";"98"
"b1";"50,07";"10,44";"2010";"6";"17,0";"29"
"b1";"50,07";"10,44";"2010";"7";"20,0";"86"
"b1";"50,07";"10,44";"2010";"8";"16,0";"170"
"b1";"50,07";"10,44";"2010";"9";"11,8";"54"
"b1";"50,07";"10,44";"2010";"10";"7,7";"30"
"b1";"50,07";"10,44";"2010";"11";"4,9";"104"
"b1";"50,07";"10,44";"2010";"12";"-4,0";"104"
"b1";"50,07";"10,44";"2011";"1";"0,4";"62"
"b1";"50,07";"10,44";"2011";"2";"0,5";"32"
"b1";"50,07";"10,44";"2011";"3";"5,6";"12"
"b1";"50,07";"10,44";"2011";"4";"11,9";"23"
"b1";"50,07";"10,44";"2011";"5";"14,0";"30"
"b1";"50,07";"10,44";"2011";"6";"16,5";"71"
"b1";"50,07";"10,44";"2011";"7";"15,8";"96"
"b1";"50,07";"10,44";"2011";"8";"18,0";"61"
"b1";"50,07";"10,44";"2011";"9";"15,4";"48"
"b1";"50,07";"10,44";"2011";"10";"9,0";"58"
"b1";"50,07";"10,44";"2011";"11";"3,8";"1"
"b1";"50,07";"10,44";"2011";"12";"3,3";"141"
"b1";"50,07";"10,44";"2012";"1";"1,5";"90"
"b1";"50,07";"10,44";"2012";"2";"-3,3";"16"
"b1";"50,07";"10,44";"2012";"3";"7,1";"8"
"b1";"50,07";"10,44";"2012";"4";"8,3";"26"
"b1";"50,07";"10,44";"2012";"5";"14,9";"43"
"b1";"50,07";"10,44";"2012";"6";"15,9";"109"
"b1";"50,07";"10,44";"2012";"7";"17,4";"83"
"b1";"50,07";"10,44";"2012";"8";"19,0";"50"
"b1";"50,07";"10,44";"2012";"9";"13,5";"56"
"b1";"50,07";"10,44";"2012";"10";"7,9";"45"
"b1";"50,07";"10,44";"2012";"11";"4,6";"94"
"b1";"50,07";"10,44";"2012";"12";"1,4";"125"
"b1";"50,07";"10,44";"2013";"1";"0,1";"48"
"b1";"50,07";"10,44";"2013";"2";"-1,1";"38"
"b1";"50,07";"10,44";"2013";"3";"0,5";"28"
"b1";"50,07";"10,44";"2013";"4";"8,3";"58"
"b1";"50,07";"10,44";"2013";"5";"11,4";"171"
"b1";"50,07";"10,44";"2013";"6";"15,8";"63"
"b1";"50,07";"10,44";"2013";"7";"19,8";"39"
"b1";"50,07";"10,44";"2013";"8";"17,9";"51"
"b1";"50,07";"10,44";"2013";"9";"13,2";"87"
"b1";"50,07";"10,44";"2013";"10";"9,9";"65"
"b1";"50,07";"10,44";"2013";"11";"4,1";"75"
"b1";"50,07";"10,44";"2013";"12";"2,8";"40"
"b1";"50,07";"10,44";"2014";"1";"2,4";"48"
"b1";"50,07";"10,44";"2014";"2";"3,8";"42"
"b1";"50,07";"10,44";"2014";"3";"7,1";"10"
"b1";"50,07";"10,44";"2014";"4";"11,1";"45"
"b1";"50,07";"10,44";"2014";"5";"12,3";"76"
"b1";"50,07";"10,44";"2014";"6";"16,5";"17"
"b1";"50,07";"10,44";"2014";"7";"19,1";"124"
"b1";"50,07";"10,44";"2014";"8";"15,6";"114"
"b1";"50,07";"10,44";"2014";"9";"14,5";"54"
"b1";"50,07";"10,44";"2014";"10";"11,3";"63"
"b1";"50,07";"10,44";"2014";"11";"5,7";"33"
"b1";"50,07";"10,44";"2014";"12";"2,4";"67"
"b1";"50,07";"10,44";"2015";"1";"1,7";"76"
"b1";"50,07";"10,44";"2015";"2";"0,0";"10"
"b1";"50,07";"10,44";"2015";"3";"5,0";"39"
"b1";"50,07";"10,44";"2015";"4";"8,5";"19"
"b1";"50,07";"10,44";"2015";"5";"12,9";"26"
"b1";"50,07";"10,44";"2015";"6";"16,4";"45"
"b1";"50,07";"10,44";"2015";"7";"20,2";"71"
"b1";"50,07";"10,44";"2015";"8";"20,7";"45"
"b1";"50,07";"10,44";"2015";"9";"12,6";"40"
"b1";"50,07";"10,44";"2015";"10";"8,1";"38"
"b1";"50,07";"10,44";"2015";"11";"6,9";"107"
"b1";"50,07";"10,44";"2015";"12";"5,6";"42"
"b1";"50,07";"10,44";"2016";"1";"0,6";"94"
"b1";"50,07";"10,44";"2016";"2";"3,0";"82"
"b1";"50,07";"10,44";"2016";"3";"3,7";"52"
"b1";"50,07";"10,44";"2016";"4";"7,7";"50"
"b1";"50,07";"10,44";"2016";"5";"13,4";"65"
"b1";"50,07";"10,44";"2016";"6";"16,6";"91"
"b1";"50,07";"10,44";"2016";"7";"18,6";"38"
"b1";"50,07";"10,44";"2016";"8";"17,9";"29"
"b1";"50,07";"10,44";"2016";"9";"17,0";"30"
"b1";"50,07";"10,44";"2016";"10";"8,3";"39"
"b1";"50,07";"10,44";"2016";"11";"3,5";"73"
"b1";"50,07";"10,44";"2016";"12";"0,7";"12"
"b1";"50,07";"10,44";"2017";"1";"-3,5";"28"
"b1";"50,07";"10,44";"2017";"2";"3,0";"32"
"b1";"50,07";"10,44";"2017";"3";"7,1";"47"
"b1";"50,07";"10,44";"2017";"4";"7,4";"23"
"b1";"50,07";"10,44";"2017";"5";"14,1";"62"
"b1";"50,07";"10,44";"2017";"6";"18,1";"69"
"b1";"50,07";"10,44";"2017";"7";"18,2";"141"
"b1";"50,07";"10,44";"2017";"8";"18,1";"61"
"b1";"50,07";"10,44";"2017";"9";"12,1";"73"
"b1";"50,07";"10,44";"2017";"10";"10,5";"51"
"b1";"50,07";"10,44";"2017";"11";"4,4";"92"
"b1";"50,07";"10,44";"2017";"12";"1,9";"81"
"b1";"50,07";"10,44";"2018";"1";"3,8";"78"
"b1";"50,07";"10,44";"2018";"2";"-2,6";"15"
"b1";"50,07";"10,44";"2018";"3";"2,5";"62"
"b1";"50,07";"10,44";"2018";"4";"12,7";"37"
"b1";"50,07";"10,44";"2018";"5";"16,2";"68"
"b1";"50,07";"10,44";"2018";"6";"18,1";"43"
"b1";"50,07";"10,44";"2018";"7";"20,5";"51"
"b1";"50,07";"10,44";"2018";"8";"20,3";"28"
"b1";"50,07";"10,44";"2018";"9";"14,9";"36"
"b1";"50,07";"10,44";"2018";"10";"10,7";"16"
"b1";"50,07";"10,44";"2018";"11";"5,1";"17"
"b1";"50,07";"10,44";"2018";"12";"3,2";"110"
"b1";"50,07";"10,44";"2019";"1";"0,1";"60"
"b1";"50,07";"10,44";"2019";"2";"3,0";"13"
"b1";"50,07";"10,44";"2019";"3";"6,4";"66"
"b1";"50,07";"10,44";"2019";"4";"9,9";"31"
"b1";"50,07";"10,44";"2019";"5";"10,7";"97"
"b1";"50,07";"10,44";"2019";"6";"19,7";"69"
"b1";"50,07";"10,44";"2019";"7";"19,3";"28"
"b1";"50,07";"10,44";"2019";"8";"19,0";"47"
"b1";"50,07";"10,44";"2019";"9";"14,0";"53"
"b1";"50,07";"10,44";"2019";"10";"10,4";"83"
"b1";"50,07";"10,44";"2019";"11";"4,9";"71"
"b1";"50,07";"10,44";"2019";"12";"2,9";"76"
"b1";"50,07";"10,44";"2020";"1";"2,4";"41"
"b1";"50,07";"10,44";"2020";"2";"4,7";"118"
"b1";"50,07";"10,44";"2020";"3";"5,3";"45"
"b1";"50,07";"10,44";"2020";"4";"10,6";"14"
"b1";"50,07";"10,44";"2020";"5";"12,0";"48"
"b1";"50,07";"10,44";"2020";"6";"16,6";"98"
"b1";"50,07";"10,44";"2020";"7";"18,3";"20"
"b1";"50,07";"10,44";"2020";"8";"20,2";"65"
"b1";"50,07";"10,44";"2020";"9";"15,1";"32"
"b1";"50,07";"10,44";"2020";"10";"9,8";"63"
"b1";"50,07";"10,44";"2020";"11";"5,0";"23"
"b1";"50,07";"10,44";"2020";"12";"2,2";"59"
"b1";"50,07";"10,44";"2021";"1";"0,2";"85"
"b1";"50,07";"10,44";"2021";"2";"1,1";"60"
"b1";"50,07";"10,44";"2021";"3";"4,5";"38"
"b1";"50,07";"10,44";"2021";"4";"6,0";"19"
"b1";"50,07";"10,44";"2021";"5";"10,4";"86"
"b1";"50,07";"10,44";"2021";"6";"19,1";"105"
"b1";"50,07";"10,44";"2021";"7";"17,7";"135"
"b1";"50,07";"10,44";"2021";"8";"16,2";"93"
"b1";"50,07";"10,44";"2021";"9";"15,4";"25"
"b1";"50,07";"10,44";"2021";"10";"8,6";"50"
"b1";"50,07";"10,44";"2021";"11";"3,9";"33"
"b1";"50,07";"10,44";"2021";"12";"2,4";"70"
"b1";"50,07";"10,44";"2022";"1";"2,1";"77"
"b1";"50,07";"10,44";"2022";"2";"4,1";"69"
"b1";"50,07";"10,44";"2022";"3";"5,1";"13"
"b1";"50,07";"10,44";"2022";"4";"7,6";"86"
"b1";"50,07";"10,44";"2022";"5";"15,1";"28"
"b1";"50,07";"10,44";"2022";"6";"19,1";"17"
"b1";"50,07";"10,44";"2022";"7";"19,8";"42"
"b1";"50,07";"10,44";"2022";"8";"21,1";"22"
"b1";"50,07";"10,44";"2022";"9";"13,2";"166"
"b1";"50,07";"10,44";"2022";"10";"12,1";"65"
"b1";"50,07";"10,44";"2022";"11";"6,0";"51"
"b1";"50,07";"10,44";"2022";"12";"1,6";"76"
"b1";"50,07";"10,44";"2023";"1";"3,1";"73"
"b1";"50,07";"10,44";"2023";"2";"2,5";"55"
"b1";"50,07";"10,44";"2023";"3";"5,8";"111"
"b1";"50,07";"10,44";"2023";"4";"7,5";"68"
"b1";"50,07";"10,44";"2023";"5";"13,7";"19"
"b1";"50,07";"10,44";"2023";"6";"19,1";"28"
"b1";"50,07";"10,44";"2023";"7";"19,1";"102"
"b1";"50,07";"10,44";"2023";"8";"18,4";"128"
"b1";"50,07";"10,44";"2023";"9";"17,0";"17"
"b1";"50,07";"10,44";"2023";"10";"11,6";"116"
"b1";"50,07";"10,44";"2023";"11";"5,2";"108"
"b1";"50,07";"10,44";"2023";"12";"3,5";"99"
"b2";"50,02";"10,49";"1881";"1";"-6,1";"24"
"b2";"50,02";"10,49";"1881";"2";"0,7";"41"
"b2";"50,02";"10,49";"1881";"3";"3,7";"79"
"b2";"50,02";"10,49";"1881";"4";"6,1";"32"
"b2";"50,02";"10,49";"1881";"5";"12,5";"44"
"b2";"50,02";"10,49";"1881";"6";"15,9";"52"
"b2";"50,02";"10,49";"1881";"7";"19,4";"50"
"b2";"50,02";"10,49";"1881";"8";"16,7";"97"
"b2";"50,02";"10,49";"1881";"9";"12,1";"47"
"b2";"50,02";"10,49";"1881";"10";"4,8";"61"
"b2";"50,02";"10,49";"1881";"11";"5,5";"21"
"b2";"50,02";"10,49";"1881";"12";"0,8";"39"
"b2";"50,02";"10,49";"1882";"1";"-0,3";"19"
"b2";"50,02";"10,49";"1882";"2";"1,1";"28"
"b2";"50,02";"10,49";"1882";"3";"6,1";"34"
"b2";"50,02";"10,49";"1882";"4";"8,1";"42"
"b2";"50,02";"10,49";"1882";"5";"12,5";"57"
"b2";"50,02";"10,49";"1882";"6";"14,8";"84"
"b2";"50,02";"10,49";"1882";"7";"17,0";"154"
"b2";"50,02";"10,49";"1882";"8";"15,2";"73"
"b2";"50,02";"10,49";"1882";"9";"13,1";"92"
"b2";"50,02";"10,49";"1882";"10";"9,0";"77"
"b2";"50,02";"10,49";"1882";"11";"4,3";"143"
"b2";"50,02";"10,49";"1882";"12";"0,9";"95"
"b2";"50,02";"10,49";"1883";"1";"-0,3";"40"
"b2";"50,02";"10,49";"1883";"2";"2,6";"17"
"b2";"50,02";"10,49";"1883";"3";"-1,2";"29"
"b2";"50,02";"10,49";"1883";"4";"6,6";"14"
"b2";"50,02";"10,49";"1883";"5";"13,2";"49"
"b2";"50,02";"10,49";"1883";"6";"17,2";"41"
"b2";"50,02";"10,49";"1883";"7";"17,0";"98"
"b2";"50,02";"10,49";"1883";"8";"16,4";"32"
"b2";"50,02";"10,49";"1883";"9";"13,7";"61"
"b2";"50,02";"10,49";"1883";"10";"8,4";"55"
"b2";"50,02";"10,49";"1883";"11";"4,3";"64"
"b2";"50,02";"10,49";"1883";"12";"0,7";"66"
"b2";"50,02";"10,49";"1884";"1";"2,9";"48"
"b2";"50,02";"10,49";"1884";"2";"2,6";"30"
"b2";"50,02";"10,49";"1884";"3";"5,1";"20"
"b2";"50,02";"10,49";"1884";"4";"6,7";"19"
"b2";"50,02";"10,49";"1884";"5";"13,4";"44"
"b2";"50,02";"10,49";"1884";"6";"13,7";"60"
"b2";"50,02";"10,49";"1884";"7";"19,1";"68"
"b2";"50,02";"10,49";"1884";"8";"17,5";"56"
"b2";"50,02";"10,49";"1884";"9";"14,1";"19"
"b2";"50,02";"10,49";"1884";"10";"7,7";"68"
"b2";"50,02";"10,49";"1884";"11";"1,5";"31"
"b2";"50,02";"10,49";"1884";"12";"1,7";"88"
"b2";"50,02";"10,49";"1885";"1";"-3,1";"14"
"b2";"50,02";"10,49";"1885";"2";"3,0";"42"
"b2";"50,02";"10,49";"1885";"3";"3,0";"49"
"b2";"50,02";"10,49";"1885";"4";"10,2";"15"
"b2";"50,02";"10,49";"1885";"5";"10,7";"53"
"b2";"50,02";"10,49";"1885";"6";"17,7";"44"
"b2";"50,02";"10,49";"1885";"7";"17,8";"66"
"b2";"50,02";"10,49";"1885";"8";"15,1";"45"
"b2";"50,02";"10,49";"1885";"9";"13,1";"62"
"b2";"50,02";"10,49";"1885";"10";"7,7";"76"
"b2";"50,02";"10,49";"1885";"11";"3,1";"54"
"b2";"50,02";"10,49";"1885";"12";"-0,8";"51"
"b2";"50,02";"10,49";"1886";"1";"-1,6";"38"
"b2";"50,02";"10,49";"1886";"2";"-2,4";"17"
"b2";"50,02";"10,49";"1886";"3";"0,7";"41"
"b2";"50,02";"10,49";"1886";"4";"9,7";"33"
"b2";"50,02";"10,49";"1886";"5";"13,4";"53"
"b2";"50,02";"10,49";"1886";"6";"14,8";"107"
"b2";"50,02";"10,49";"1886";"7";"17,4";"62"
"b2";"50,02";"10,49";"1886";"8";"17,5";"39"
"b2";"50,02";"10,49";"1886";"9";"15,4";"34"
"b2";"50,02";"10,49";"1886";"10";"9,5";"54"
"b2";"50,02";"10,49";"1886";"11";"5,0";"55"
"b2";"50,02";"10,49";"1886";"12";"1,0";"113"
"b2";"50,02";"10,49";"1887";"1";"-5,2";"5"
"b2";"50,02";"10,49";"1887";"2";"-0,8";"13"
"b2";"50,02";"10,49";"1887";"3";"1,5";"51"
"b2";"50,02";"10,49";"1887";"4";"7,8";"22"
"b2";"50,02";"10,49";"1887";"5";"10,8";"90"
"b2";"50,02";"10,49";"1887";"6";"16,2";"19"
"b2";"50,02";"10,49";"1887";"7";"19,9";"54"
"b2";"50,02";"10,49";"1887";"8";"16,2";"46"
"b2";"50,02";"10,49";"1887";"9";"12,2";"35"
"b2";"50,02";"10,49";"1887";"10";"5,3";"31"
"b2";"50,02";"10,49";"1887";"11";"2,6";"43"
"b2";"50,02";"10,49";"1887";"12";"-1,5";"68"
"b2";"50,02";"10,49";"1888";"1";"-2,6";"28"
"b2";"50,02";"10,49";"1888";"2";"-2,2";"37"
"b2";"50,02";"10,49";"1888";"3";"1,7";"90"
"b2";"50,02";"10,49";"1888";"4";"6,5";"46"
"b2";"50,02";"10,49";"1888";"5";"13,0";"20"
"b2";"50,02";"10,49";"1888";"6";"16,7";"98"
"b2";"50,02";"10,49";"1888";"7";"15,2";"127"
"b2";"50,02";"10,49";"1888";"8";"15,5";"58"
"b2";"50,02";"10,49";"1888";"9";"12,7";"30"
"b2";"50,02";"10,49";"1888";"10";"6,1";"61"
"b2";"50,02";"10,49";"1888";"11";"3,2";"31"
"b2";"50,02";"10,49";"1888";"12";"0,0";"12"
"b2";"50,02";"10,49";"1889";"1";"-2,3";"10"
"b2";"50,02";"10,49";"1889";"2";"-3,0";"68"
"b2";"50,02";"10,49";"1889";"3";"0,5";"39"
"b2";"50,02";"10,49";"1889";"4";"7,6";"39"
"b2";"50,02";"10,49";"1889";"5";"16,4";"68"
"b2";"50,02";"10,49";"1889";"6";"19,0";"76"
"b2";"50,02";"10,49";"1889";"7";"17,0";"80"
"b2";"50,02";"10,49";"1889";"8";"15,9";"50"
"b2";"50,02";"10,49";"1889";"9";"11,4";"52"
"b2";"50,02";"10,49";"1889";"10";"7,9";"61"
"b2";"50,02";"10,49";"1889";"11";"2,4";"27"
"b2";"50,02";"10,49";"1889";"12";"-1,7";"36"
"b2";"50,02";"10,49";"1890";"1";"1,9";"84"
"b2";"50,02";"10,49";"1890";"2";"-2,7";"3"
"b2";"50,02";"10,49";"1890";"3";"4,2";"23"
"b2";"50,02";"10,49";"1890";"4";"7,4";"34"
"b2";"50,02";"10,49";"1890";"5";"14,4";"50"
"b2";"50,02";"10,49";"1890";"6";"14,4";"60"
"b2";"50,02";"10,49";"1890";"7";"15,9";"77"
"b2";"50,02";"10,49";"1890";"8";"17,3";"102"
"b2";"50,02";"10,49";"1890";"9";"13,4";"12"
"b2";"50,02";"10,49";"1890";"10";"6,8";"73"
"b2";"50,02";"10,49";"1890";"11";"3,2";"72"
"b2";"50,02";"10,49";"1890";"12";"-4,7";"3"
"b2";"50,02";"10,49";"1891";"1";"-5,2";"35"
"b2";"50,02";"10,49";"1891";"2";"-0,9";"2"
"b2";"50,02";"10,49";"1891";"3";"3,1";"48"
"b2";"50,02";"10,49";"1891";"4";"5,5";"38"
"b2";"50,02";"10,49";"1891";"5";"13,6";"56"
"b2";"50,02";"10,49";"1891";"6";"15,2";"106"
"b2";"50,02";"10,49";"1891";"7";"16,6";"93"
"b2";"50,02";"10,49";"1891";"8";"15,3";"48"
"b2";"50,02";"10,49";"1891";"9";"13,5";"34"
"b2";"50,02";"10,49";"1891";"10";"9,7";"31"
"b2";"50,02";"10,49";"1891";"11";"2,6";"44"
"b2";"50,02";"10,49";"1891";"12";"1,3";"77"
"b2";"50,02";"10,49";"1892";"1";"-1,7";"47"
"b2";"50,02";"10,49";"1892";"2";"0,7";"43"
"b2";"50,02";"10,49";"1892";"3";"0,7";"15"
"b2";"50,02";"10,49";"1892";"4";"7,7";"14"
"b2";"50,02";"10,49";"1892";"5";"12,7";"34"
"b2";"50,02";"10,49";"1892";"6";"15,9";"65"
"b2";"50,02";"10,49";"1892";"7";"16,5";"31"
"b2";"50,02";"10,49";"1892";"8";"19,0";"37"
"b2";"50,02";"10,49";"1892";"9";"13,9";"50"
"b2";"50,02";"10,49";"1892";"10";"7,0";"61"
"b2";"50,02";"10,49";"1892";"11";"2,9";"5"
"b2";"50,02";"10,49";"1892";"12";"-2,5";"37"
"b2";"50,02";"10,49";"1893";"1";"-8,6";"40"
"b2";"50,02";"10,49";"1893";"2";"2,2";"69"
"b2";"50,02";"10,49";"1893";"3";"4,7";"20"
"b2";"50,02";"10,49";"1893";"4";"9,4";"0"
"b2";"50,02";"10,49";"1893";"5";"13,2";"25"
"b2";"50,02";"10,49";"1893";"6";"16,6";"35"
"b2";"50,02";"10,49";"1893";"7";"18,1";"99"
"b2";"50,02";"10,49";"1893";"8";"17,3";"25"
"b2";"50,02";"10,49";"1893";"9";"12,5";"60"
"b2";"50,02";"10,49";"1893";"10";"9,6";"90"
"b2";"50,02";"10,49";"1893";"11";"1,8";"55"
"b2";"50,02";"10,49";"1893";"12";"-0,7";"29"
"b2";"50,02";"10,49";"1894";"1";"-2,4";"20"
"b2";"50,02";"10,49";"1894";"2";"1,9";"46"
"b2";"50,02";"10,49";"1894";"3";"5,0";"24"
"b2";"50,02";"10,49";"1894";"4";"10,3";"39"
"b2";"50,02";"10,49";"1894";"5";"11,6";"37"
"b2";"50,02";"10,49";"1894";"6";"14,6";"78"
"b2";"50,02";"10,49";"1894";"7";"18,3";"95"
"b2";"50,02";"10,49";"1894";"8";"16,0";"69"
"b2";"50,02";"10,49";"1894";"9";"11,1";"82"
"b2";"50,02";"10,49";"1894";"10";"8,2";"110"
"b2";"50,02";"10,49";"1894";"11";"4,6";"14"
"b2";"50,02";"10,49";"1894";"12";"0,1";"47"
"b2";"50,02";"10,49";"1895";"1";"-4,9";"56"
"b2";"50,02";"10,49";"1895";"2";"-7,6";"16"
"b2";"50,02";"10,49";"1895";"3";"1,2";"47"
"b2";"50,02";"10,49";"1895";"4";"9,0";"39"
"b2";"50,02";"10,49";"1895";"5";"12,4";"72"
"b2";"50,02";"10,49";"1895";"6";"16,2";"41"
"b2";"50,02";"10,49";"1895";"7";"18,0";"43"
"b2";"50,02";"10,49";"1895";"8";"16,8";"43"
"b2";"50,02";"10,49";"1895";"9";"15,7";"6"
"b2";"50,02";"10,49";"1895";"10";"6,9";"60"
"b2";"50,02";"10,49";"1895";"11";"5,1";"65"
"b2";"50,02";"10,49";"1895";"12";"-0,1";"83"
"b2";"50,02";"10,49";"1896";"1";"-1,2";"33"
"b2";"50,02";"10,49";"1896";"2";"-0,5";"3"
"b2";"50,02";"10,49";"1896";"3";"5,7";"63"
"b2";"50,02";"10,49";"1896";"4";"6,2";"61"
"b2";"50,02";"10,49";"1896";"5";"11,4";"12"
"b2";"50,02";"10,49";"1896";"6";"16,8";"108"
"b2";"50,02";"10,49";"1896";"7";"17,2";"85"
"b2";"50,02";"10,49";"1896";"8";"14,4";"78"
"b2";"50,02";"10,49";"1896";"9";"12,7";"69"
"b2";"50,02";"10,49";"1896";"10";"8,4";"45"
"b2";"50,02";"10,49";"1896";"11";"1,5";"7"
"b2";"50,02";"10,49";"1896";"12";"-0,9";"17"
"b2";"50,02";"10,49";"1897";"1";"-2,6";"29"
"b2";"50,02";"10,49";"1897";"2";"1,7";"63"
"b2";"50,02";"10,49";"1897";"3";"5,5";"44"
"b2";"50,02";"10,49";"1897";"4";"7,7";"41"
"b2";"50,02";"10,49";"1897";"5";"11,0";"74"
"b2";"50,02";"10,49";"1897";"6";"17,3";"53"
"b2";"50,02";"10,49";"1897";"7";"17,4";"43"
"b2";"50,02";"10,49";"1897";"8";"17,2";"89"
"b2";"50,02";"10,49";"1897";"9";"12,4";"101"
"b2";"50,02";"10,49";"1897";"10";"7,2";"17"
"b2";"50,02";"10,49";"1897";"11";"2,1";"18"
"b2";"50,02";"10,49";"1897";"12";"0,7";"32"
"b2";"50,02";"10,49";"1898";"1";"1,1";"27"
"b2";"50,02";"10,49";"1898";"2";"1,0";"59"
"b2";"50,02";"10,49";"1898";"3";"3,3";"54"
"b2";"50,02";"10,49";"1898";"4";"7,9";"58"
"b2";"50,02";"10,49";"1898";"5";"11,9";"97"
"b2";"50,02";"10,49";"1898";"6";"15,1";"76"
"b2";"50,02";"10,49";"1898";"7";"14,9";"72"
"b2";"50,02";"10,49";"1898";"8";"18,3";"51"
"b2";"50,02";"10,49";"1898";"9";"13,2";"19"
"b2";"50,02";"10,49";"1898";"10";"9,5";"46"
"b2";"50,02";"10,49";"1898";"11";"4,4";"10"
"b2";"50,02";"10,49";"1898";"12";"2,5";"31"
"b2";"50,02";"10,49";"1899";"1";"1,7";"64"
"b2";"50,02";"10,49";"1899";"2";"1,5";"26"
"b2";"50,02";"10,49";"1899";"3";"2,7";"8"
"b2";"50,02";"10,49";"1899";"4";"7,5";"68"
"b2";"50,02";"10,49";"1899";"5";"11,5";"62"
"b2";"50,02";"10,49";"1899";"6";"15,1";"49"
"b2";"50,02";"10,49";"1899";"7";"17,4";"65"
"b2";"50,02";"10,49";"1899";"8";"17,2";"19"
"b2";"50,02";"10,49";"1899";"9";"12,7";"103"
"b2";"50,02";"10,49";"1899";"10";"7,2";"30"
"b2";"50,02";"10,49";"1899";"11";"6,0";"29"
"b2";"50,02";"10,49";"1899";"12";"-3,6";"29"
"b2";"50,02";"10,49";"1900";"1";"0,9";"77"
"b2";"50,02";"10,49";"1900";"2";"1,7";"56"
"b2";"50,02";"10,49";"1900";"3";"0,7";"28"
"b2";"50,02";"10,49";"1900";"4";"7,0";"39"
"b2";"50,02";"10,49";"1900";"5";"11,1";"58"
"b2";"50,02";"10,49";"1900";"6";"16,5";"81"
"b2";"50,02";"10,49";"1900";"7";"18,7";"97"
"b2";"50,02";"10,49";"1900";"8";"16,4";"66"
"b2";"50,02";"10,49";"1900";"9";"13,5";"27"
"b2";"50,02";"10,49";"1900";"10";"7,9";"73"
"b2";"50,02";"10,49";"1900";"11";"4,9";"29"
"b2";"50,02";"10,49";"1900";"12";"2,3";"56"
"b2";"50,02";"10,49";"1901";"1";"-4,7";"52"
"b2";"50,02";"10,49";"1901";"2";"-4,8";"41"
"b2";"50,02";"10,49";"1901";"3";"2,6";"62"
"b2";"50,02";"10,49";"1901";"4";"8,7";"55"
"b2";"50,02";"10,49";"1901";"5";"13,6";"39"
"b2";"50,02";"10,49";"1901";"6";"16,5";"58"
"b2";"50,02";"10,49";"1901";"7";"18,6";"100"
"b2";"50,02";"10,49";"1901";"8";"16,5";"78"
"b2";"50,02";"10,49";"1901";"9";"13,3";"72"
"b2";"50,02";"10,49";"1901";"10";"8,5";"95"
"b2";"50,02";"10,49";"1901";"11";"2,6";"36"
"b2";"50,02";"10,49";"1901";"12";"1,1";"60"
"b2";"50,02";"10,49";"1902";"1";"2,7";"43"
"b2";"50,02";"10,49";"1902";"2";"0,2";"34"
"b2";"50,02";"10,49";"1902";"3";"4,1";"67"
"b2";"50,02";"10,49";"1902";"4";"9,1";"16"
"b2";"50,02";"10,49";"1902";"5";"9,1";"81"
"b2";"50,02";"10,49";"1902";"6";"15,8";"58"
"b2";"50,02";"10,49";"1902";"7";"16,7";"60"
"b2";"50,02";"10,49";"1902";"8";"15,5";"73"
"b2";"50,02";"10,49";"1902";"9";"12,5";"23"
"b2";"50,02";"10,49";"1902";"10";"7,0";"47"
"b2";"50,02";"10,49";"1902";"11";"1,5";"10"
"b2";"50,02";"10,49";"1902";"12";"-2,0";"92"
"b2";"50,02";"10,49";"1903";"1";"0,2";"61"
"b2";"50,02";"10,49";"1903";"2";"3,8";"12"
"b2";"50,02";"10,49";"1903";"3";"5,9";"22"
"b2";"50,02";"10,49";"1903";"4";"5,1";"45"
"b2";"50,02";"10,49";"1903";"5";"13,1";"28"
"b2";"50,02";"10,49";"1903";"6";"15,6";"36"
"b2";"50,02";"10,49";"1903";"7";"16,9";"87"
"b2";"50,02";"10,49";"1903";"8";"16,1";"70"
"b2";"50,02";"10,49";"1903";"9";"13,6";"44"
"b2";"50,02";"10,49";"1903";"10";"9,6";"76"
"b2";"50,02";"10,49";"1903";"11";"4,9";"80"
"b2";"50,02";"10,49";"1903";"12";"-0,9";"13"
"b2";"50,02";"10,49";"1904";"1";"-1,8";"37"
"b2";"50,02";"10,49";"1904";"2";"1,6";"68"
"b2";"50,02";"10,49";"1904";"3";"3,9";"35"
"b2";"50,02";"10,49";"1904";"4";"9,7";"39"
"b2";"50,02";"10,49";"1904";"5";"13,1";"43"
"b2";"50,02";"10,49";"1904";"6";"16,0";"41"
"b2";"50,02";"10,49";"1904";"7";"19,8";"12"
"b2";"50,02";"10,49";"1904";"8";"17,0";"57"
"b2";"50,02";"10,49";"1904";"9";"12,1";"63"
"b2";"50,02";"10,49";"1904";"10";"8,3";"42"
"b2";"50,02";"10,49";"1904";"11";"3,1";"52"
"b2";"50,02";"10,49";"1904";"12";"2,3";"44"
"b2";"50,02";"10,49";"1905";"1";"-2,5";"46"
"b2";"50,02";"10,49";"1905";"2";"1,3";"36"
"b2";"50,02";"10,49";"1905";"3";"5,2";"77"
"b2";"50,02";"10,49";"1905";"4";"7,0";"38"
"b2";"50,02";"10,49";"1905";"5";"12,6";"10"
"b2";"50,02";"10,49";"1905";"6";"17,5";"57"
"b2";"50,02";"10,49";"1905";"7";"19,9";"49"
"b2";"50,02";"10,49";"1905";"8";"17,1";"58"
"b2";"50,02";"10,49";"1905";"9";"13,1";"49"
"b2";"50,02";"10,49";"1905";"10";"4,1";"91"
"b2";"50,02";"10,49";"1905";"11";"3,3";"50"
"b2";"50,02";"10,49";"1905";"12";"0,9";"25"
"b2";"50,02";"10,49";"1906";"1";"1,0";"62"
"b2";"50,02";"10,49";"1906";"2";"0,2";"35"
"b2";"50,02";"10,49";"1906";"3";"2,3";"86"
"b2";"50,02";"10,49";"1906";"4";"8,4";"32"
"b2";"50,02";"10,49";"1906";"5";"13,5";"84"
"b2";"50,02";"10,49";"1906";"6";"15,1";"64"
"b2";"50,02";"10,49";"1906";"7";"17,7";"98"
"b2";"50,02";"10,49";"1906";"8";"16,7";"58"
"b2";"50,02";"10,49";"1906";"9";"12,5";"60"
"b2";"50,02";"10,49";"1906";"10";"9,9";"28"
"b2";"50,02";"10,49";"1906";"11";"6,0";"57"
"b2";"50,02";"10,49";"1906";"12";"-1,8";"58"
"b2";"50,02";"10,49";"1907";"1";"-0,1";"41"
"b2";"50,02";"10,49";"1907";"2";"-1,1";"38"
"b2";"50,02";"10,49";"1907";"3";"3,0";"44"
"b2";"50,02";"10,49";"1907";"4";"6,5";"38"
"b2";"50,02";"10,49";"1907";"5";"13,5";"64"
"b2";"50,02";"10,49";"1907";"6";"15,2";"53"
"b2";"50,02";"10,49";"1907";"7";"15,1";"82"
"b2";"50,02";"10,49";"1907";"8";"16,6";"30"
"b2";"50,02";"10,49";"1907";"9";"13,4";"29"
"b2";"50,02";"10,49";"1907";"10";"10,8";"29"
"b2";"50,02";"10,49";"1907";"11";"3,6";"37"
"b2";"50,02";"10,49";"1907";"12";"1,4";"57"
"b2";"50,02";"10,49";"1908";"1";"-3,6";"21"
"b2";"50,02";"10,49";"1908";"2";"1,2";"67"
"b2";"50,02";"10,49";"1908";"3";"2,6";"26"
"b2";"50,02";"10,49";"1908";"4";"6,0";"62"
"b2";"50,02";"10,49";"1908";"5";"14,0";"60"
"b2";"50,02";"10,49";"1908";"6";"17,8";"61"
"b2";"50,02";"10,49";"1908";"7";"17,6";"69"
"b2";"50,02";"10,49";"1908";"8";"14,5";"131"
"b2";"50,02";"10,49";"1908";"9";"11,9";"36"
"b2";"50,02";"10,49";"1908";"10";"7,7";"4"
"b2";"50,02";"10,49";"1908";"11";"1,4";"29"
"b2";"50,02";"10,49";"1908";"12";"-0,3";"17"
"b2";"50,02";"10,49";"1909";"1";"-1,8";"35"
"b2";"50,02";"10,49";"1909";"2";"-2,5";"48"
"b2";"50,02";"10,49";"1909";"3";"2,3";"29"
"b2";"50,02";"10,49";"1909";"4";"8,6";"45"
"b2";"50,02";"10,49";"1909";"5";"11,7";"28"
"b2";"50,02";"10,49";"1909";"6";"14,5";"81"
"b2";"50,02";"10,49";"1909";"7";"15,4";"124"
"b2";"50,02";"10,49";"1909";"8";"16,7";"28"
"b2";"50,02";"10,49";"1909";"9";"12,9";"62"
"b2";"50,02";"10,49";"1909";"10";"9,7";"33"
"b2";"50,02";"10,49";"1909";"11";"1,9";"64"
"b2";"50,02";"10,49";"1909";"12";"2,3";"62"
"b2";"50,02";"10,49";"1910";"1";"1,1";"52"
"b2";"50,02";"10,49";"1910";"2";"2,6";"52"
"b2";"50,02";"10,49";"1910";"3";"4,0";"15"
"b2";"50,02";"10,49";"1910";"4";"7,9";"34"
"b2";"50,02";"10,49";"1910";"5";"13,0";"50"
"b2";"50,02";"10,49";"1910";"6";"16,5";"132"
"b2";"50,02";"10,49";"1910";"7";"15,7";"94"
"b2";"50,02";"10,49";"1910";"8";"16,1";"96"
"b2";"50,02";"10,49";"1910";"9";"11,7";"46"
"b2";"50,02";"10,49";"1910";"10";"9,2";"12"
"b2";"50,02";"10,49";"1910";"11";"2,2";"123"
"b2";"50,02";"10,49";"1910";"12";"2,3";"51"
"b2";"50,02";"10,49";"1911";"1";"-2,1";"26"
"b2";"50,02";"10,49";"1911";"2";"1,3";"32"
"b2";"50,02";"10,49";"1911";"3";"4,6";"23"
"b2";"50,02";"10,49";"1911";"4";"7,7";"19"
"b2";"50,02";"10,49";"1911";"5";"13,2";"60"
"b2";"50,02";"10,49";"1911";"6";"15,2";"35"
"b2";"50,02";"10,49";"1911";"7";"20,0";"22"
"b2";"50,02";"10,49";"1911";"8";"20,0";"21"
"b2";"50,02";"10,49";"1911";"9";"14,3";"33"
"b2";"50,02";"10,49";"1911";"10";"8,4";"26"
"b2";"50,02";"10,49";"1911";"11";"4,7";"47"
"b2";"50,02";"10,49";"1911";"12";"3,0";"77"
"b2";"50,02";"10,49";"1912";"1";"-0,9";"42"
"b2";"50,02";"10,49";"1912";"2";"2,9";"41"
"b2";"50,02";"10,49";"1912";"3";"6,6";"55"
"b2";"50,02";"10,49";"1912";"4";"7,3";"21"
"b2";"50,02";"10,49";"1912";"5";"12,9";"59"
"b2";"50,02";"10,49";"1912";"6";"15,9";"81"
"b2";"50,02";"10,49";"1912";"7";"18,1";"40"
"b2";"50,02";"10,49";"1912";"8";"14,2";"102"
"b2";"50,02";"10,49";"1912";"9";"8,9";"54"
"b2";"50,02";"10,49";"1912";"10";"6,2";"57"
"b2";"50,02";"10,49";"1912";"11";"2,3";"64"
"b2";"50,02";"10,49";"1912";"12";"2,1";"42"
"b2";"50,02";"10,49";"1913";"1";"-0,5";"40"
"b2";"50,02";"10,49";"1913";"2";"1,4";"25"
"b2";"50,02";"10,49";"1913";"3";"6,7";"30"
"b2";"50,02";"10,49";"1913";"4";"8,0";"34"
"b2";"50,02";"10,49";"1913";"5";"12,5";"78"
"b2";"50,02";"10,49";"1913";"6";"15,1";"115"
"b2";"50,02";"10,49";"1913";"7";"14,5";"64"
"b2";"50,02";"10,49";"1913";"8";"14,9";"47"
"b2";"50,02";"10,49";"1913";"9";"12,5";"42"
"b2";"50,02";"10,49";"1913";"10";"9,2";"30"
"b2";"50,02";"10,49";"1913";"11";"6,8";"81"
"b2";"50,02";"10,49";"1913";"12";"1,9";"60"
"b2";"50,02";"10,49";"1914";"1";"-4,0";"32"
"b2";"50,02";"10,49";"1914";"2";"2,0";"24"
"b2";"50,02";"10,49";"1914";"3";"5,1";"91"
"b2";"50,02";"10,49";"1914";"4";"10,5";"26"
"b2";"50,02";"10,49";"1914";"5";"11,3";"76"
"b2";"50,02";"10,49";"1914";"6";"14,8";"73"
"b2";"50,02";"10,49";"1914";"7";"17,4";"115"
"b2";"50,02";"10,49";"1914";"8";"17,4";"37"
"b2";"50,02";"10,49";"1914";"9";"12,2";"72"
"b2";"50,02";"10,49";"1914";"10";"8,0";"35"
"b2";"50,02";"10,49";"1914";"11";"3,4";"39"
"b2";"50,02";"10,49";"1914";"12";"3,5";"55"
"b2";"50,02";"10,49";"1915";"1";"0,1";"86"
"b2";"50,02";"10,49";"1915";"2";"1,3";"28"
"b2";"50,02";"10,49";"1915";"3";"2,6";"68"
"b2";"50,02";"10,49";"1915";"4";"7,5";"40"
"b2";"50,02";"10,49";"1915";"5";"14,3";"28"
"b2";"50,02";"10,49";"1915";"6";"18,7";"34"
"b2";"50,02";"10,49";"1915";"7";"16,7";"67"
"b2";"50,02";"10,49";"1915";"8";"15,7";"81"
"b2";"50,02";"10,49";"1915";"9";"11,9";"24"
"b2";"50,02";"10,49";"1915";"10";"6,6";"25"
"b2";"50,02";"10,49";"1915";"11";"1,5";"39"
"b2";"50,02";"10,49";"1915";"12";"4,0";"100"
"b2";"50,02";"10,49";"1916";"1";"4,0";"64"
"b2";"50,02";"10,49";"1916";"2";"1,2";"67"
"b2";"50,02";"10,49";"1916";"3";"5,4";"34"
"b2";"50,02";"10,49";"1916";"4";"8,9";"49"
"b2";"50,02";"10,49";"1916";"5";"13,9";"68"
"b2";"50,02";"10,49";"1916";"6";"13,3";"60"
"b2";"50,02";"10,49";"1916";"7";"16,7";"88"
"b2";"50,02";"10,49";"1916";"8";"16,3";"76"
"b2";"50,02";"10,49";"1916";"9";"12,2";"63"
"b2";"50,02";"10,49";"1916";"10";"8,5";"53"
"b2";"50,02";"10,49";"1916";"11";"4,4";"45"
"b2";"50,02";"10,49";"1916";"12";"2,0";"72"
"b2";"50,02";"10,49";"1917";"1";"-2,4";"50"
"b2";"50,02";"10,49";"1917";"2";"-3,5";"4"
"b2";"50,02";"10,49";"1917";"3";"0,8";"46"
"b2";"50,02";"10,49";"1917";"4";"5,0";"39"
"b2";"50,02";"10,49";"1917";"5";"16,0";"39"
"b2";"50,02";"10,49";"1917";"6";"19,0";"39"
"b2";"50,02";"10,49";"1917";"7";"18,1";"59"
"b2";"50,02";"10,49";"1917";"8";"16,6";"106"
"b2";"50,02";"10,49";"1917";"9";"14,4";"17"
"b2";"50,02";"10,49";"1917";"10";"7,3";"74"
"b2";"50,02";"10,49";"1917";"11";"4,9";"27"
"b2";"50,02";"10,49";"1917";"12";"-2,4";"22"
"b2";"50,02";"10,49";"1918";"1";"0,5";"61"
"b2";"50,02";"10,49";"1918";"2";"2,0";"22"
"b2";"50,02";"10,49";"1918";"3";"4,7";"18"
"b2";"50,02";"10,49";"1918";"4";"9,9";"34"
"b2";"50,02";"10,49";"1918";"5";"14,5";"42"
"b2";"50,02";"10,49";"1918";"6";"13,4";"40"
"b2";"50,02";"10,49";"1918";"7";"16,9";"46"
"b2";"50,02";"10,49";"1918";"8";"16,5";"61"
"b2";"50,02";"10,49";"1918";"9";"13,1";"71"
"b2";"50,02";"10,49";"1918";"10";"7,3";"38"
"b2";"50,02";"10,49";"1918";"11";"3,1";"25"
"b2";"50,02";"10,49";"1918";"12";"4,1";"90"
"b2";"50,02";"10,49";"1919";"1";"0,8";"27"
"b2";"50,02";"10,49";"1919";"2";"-0,2";"39"
"b2";"50,02";"10,49";"1919";"3";"3,7";"52"
"b2";"50,02";"10,49";"1919";"4";"5,5";"54"
"b2";"50,02";"10,49";"1919";"5";"11,7";"31"
"b2";"50,02";"10,49";"1919";"6";"15,7";"31"
"b2";"50,02";"10,49";"1919";"7";"14,8";"60"
"b2";"50,02";"10,49";"1919";"8";"16,6";"41"
"b2";"50,02";"10,49";"1919";"9";"15,0";"51"
"b2";"50,02";"10,49";"1919";"10";"5,9";"31"
"b2";"50,02";"10,49";"1919";"11";"1,5";"76"
"b2";"50,02";"10,49";"1919";"12";"1,0";"87"
"b2";"50,02";"10,49";"1920";"1";"2,5";"103"
"b2";"50,02";"10,49";"1920";"2";"2,7";"24"
"b2";"50,02";"10,49";"1920";"3";"6,2";"29"
"b2";"50,02";"10,49";"1920";"4";"9,8";"50"
"b2";"50,02";"10,49";"1920";"5";"14,8";"48"
"b2";"50,02";"10,49";"1920";"6";"15,8";"16"
"b2";"50,02";"10,49";"1920";"7";"17,9";"56"
"b2";"50,02";"10,49";"1920";"8";"15,4";"100"
"b2";"50,02";"10,49";"1920";"9";"13,3";"66"
"b2";"50,02";"10,49";"1920";"10";"7,5";"4"
"b2";"50,02";"10,49";"1920";"11";"0,8";"11"
"b2";"50,02";"10,49";"1920";"12";"1,1";"38"
"b2";"50,02";"10,49";"1921";"1";"4,3";"55"
"b2";"50,02";"10,49";"1921";"2";"1,5";"9"
"b2";"50,02";"10,49";"1921";"3";"5,2";"11"
"b2";"50,02";"10,49";"1921";"4";"8,2";"17"
"b2";"50,02";"10,49";"1921";"5";"14,6";"79"
"b2";"50,02";"10,49";"1921";"6";"15,3";"44"
"b2";"50,02";"10,49";"1921";"7";"19,8";"36"
"b2";"50,02";"10,49";"1921";"8";"17,8";"73"
"b2";"50,02";"10,49";"1921";"9";"13,6";"39"
"b2";"50,02";"10,49";"1921";"10";"10,7";"36"
"b2";"50,02";"10,49";"1921";"11";"-0,1";"28"
"b2";"50,02";"10,49";"1921";"12";"0,1";"57"
"b2";"50,02";"10,49";"1922";"1";"-2,7";"50"
"b2";"50,02";"10,49";"1922";"2";"-1,3";"51"
"b2";"50,02";"10,49";"1922";"3";"4,0";"49"
"b2";"50,02";"10,49";"1922";"4";"6,2";"78"
"b2";"50,02";"10,49";"1922";"5";"14,0";"24"
"b2";"50,02";"10,49";"1922";"6";"16,4";"61"
"b2";"50,02";"10,49";"1922";"7";"16,1";"58"
"b2";"50,02";"10,49";"1922";"8";"15,8";"112"
"b2";"50,02";"10,49";"1922";"9";"11,5";"74"
"b2";"50,02";"10,49";"1922";"10";"5,3";"66"
"b2";"50,02";"10,49";"1922";"11";"2,4";"60"
"b2";"50,02";"10,49";"1922";"12";"2,0";"77"
"b2";"50,02";"10,49";"1923";"1";"1,1";"49"
"b2";"50,02";"10,49";"1923";"2";"1,8";"40"
"b2";"50,02";"10,49";"1923";"3";"5,7";"27"
"b2";"50,02";"10,49";"1923";"4";"7,6";"35"
"b2";"50,02";"10,49";"1923";"5";"12,5";"55"
"b2";"50,02";"10,49";"1923";"6";"11,9";"64"
"b2";"50,02";"10,49";"1923";"7";"19,3";"66"
"b2";"50,02";"10,49";"1923";"8";"16,2";"49"
"b2";"50,02";"10,49";"1923";"9";"13,4";"36"
"b2";"50,02";"10,49";"1923";"10";"10,3";"156"
"b2";"50,02";"10,49";"1923";"11";"3,1";"53"
"b2";"50,02";"10,49";"1923";"12";"-1,5";"51"
"b2";"50,02";"10,49";"1924";"1";"-4,1";"21"
"b2";"50,02";"10,49";"1924";"2";"-2,2";"20"
"b2";"50,02";"10,49";"1924";"3";"3,0";"35"
"b2";"50,02";"10,49";"1924";"4";"7,4";"41"
"b2";"50,02";"10,49";"1924";"5";"14,5";"76"
"b2";"50,02";"10,49";"1924";"6";"15,6";"74"
"b2";"50,02";"10,49";"1924";"7";"17,5";"70"
"b2";"50,02";"10,49";"1924";"8";"14,7";"148"
"b2";"50,02";"10,49";"1924";"9";"13,6";"71"
"b2";"50,02";"10,49";"1924";"10";"9,2";"28"
"b2";"50,02";"10,49";"1924";"11";"2,6";"84"
"b2";"50,02";"10,49";"1924";"12";"0,6";"22"
"b2";"50,02";"10,49";"1925";"1";"2,0";"42"
"b2";"50,02";"10,49";"1925";"2";"3,8";"26"
"b2";"50,02";"10,49";"1925";"3";"1,6";"34"
"b2";"50,02";"10,49";"1925";"4";"9,0";"59"
"b2";"50,02";"10,49";"1925";"5";"14,3";"22"
"b2";"50,02";"10,49";"1925";"6";"15,8";"26"
"b2";"50,02";"10,49";"1925";"7";"18,0";"67"
"b2";"50,02";"10,49";"1925";"8";"16,9";"77"
"b2";"50,02";"10,49";"1925";"9";"11,1";"81"
"b2";"50,02";"10,49";"1925";"10";"8,5";"37"
"b2";"50,02";"10,49";"1925";"11";"2,2";"36"
"b2";"50,02";"10,49";"1925";"12";"-0,7";"85"
"b2";"50,02";"10,49";"1926";"1";"0,1";"56"
"b2";"50,02";"10,49";"1926";"2";"5,3";"58"
"b2";"50,02";"10,49";"1926";"3";"4,5";"38"
"b2";"50,02";"10,49";"1926";"4";"10,3";"25"
"b2";"50,02";"10,49";"1926";"5";"11,4";"49"
"b2";"50,02";"10,49";"1926";"6";"14,2";"56"
"b2";"50,02";"10,49";"1926";"7";"17,6";"156"
"b2";"50,02";"10,49";"1926";"8";"16,3";"54"
"b2";"50,02";"10,49";"1926";"9";"15,0";"13"
"b2";"50,02";"10,49";"1926";"10";"8,2";"80"
"b2";"50,02";"10,49";"1926";"11";"6,0";"34"
"b2";"50,02";"10,49";"1926";"12";"0,2";"33"
"b2";"50,02";"10,49";"1927";"1";"1,7";"58"
"b2";"50,02";"10,49";"1927";"2";"1,3";"34"
"b2";"50,02";"10,49";"1927";"3";"6,1";"48"
"b2";"50,02";"10,49";"1927";"4";"8,0";"94"
"b2";"50,02";"10,49";"1927";"5";"12,2";"26"
"b2";"50,02";"10,49";"1927";"6";"15,1";"78"
"b2";"50,02";"10,49";"1927";"7";"17,4";"75"
"b2";"50,02";"10,49";"1927";"8";"16,7";"91"
"b2";"50,02";"10,49";"1927";"9";"13,9";"76"
"b2";"50,02";"10,49";"1927";"10";"8,3";"24"
"b2";"50,02";"10,49";"1927";"11";"3,3";"79"
"b2";"50,02";"10,49";"1927";"12";"-2,1";"35"
"b2";"50,02";"10,49";"1928";"1";"1,6";"51"
"b2";"50,02";"10,49";"1928";"2";"2,8";"64"
"b2";"50,02";"10,49";"1928";"3";"3,7";"21"
"b2";"50,02";"10,49";"1928";"4";"8,1";"78"
"b2";"50,02";"10,49";"1928";"5";"10,8";"56"
"b2";"50,02";"10,49";"1928";"6";"14,9";"43"
"b2";"50,02";"10,49";"1928";"7";"19,5";"30"
"b2";"50,02";"10,49";"1928";"8";"16,8";"83"
"b2";"50,02";"10,49";"1928";"9";"12,9";"34"
"b2";"50,02";"10,49";"1928";"10";"8,5";"50"
"b2";"50,02";"10,49";"1928";"11";"6,2";"65"
"b2";"50,02";"10,49";"1928";"12";"-0,3";"50"
"b2";"50,02";"10,49";"1929";"1";"-5,2";"17"
"b2";"50,02";"10,49";"1929";"2";"-9,2";"34"
"b2";"50,02";"10,49";"1929";"3";"3,2";"8"
"b2";"50,02";"10,49";"1929";"4";"5,2";"45"
"b2";"50,02";"10,49";"1929";"5";"14,1";"41"
"b2";"50,02";"10,49";"1929";"6";"15,4";"60"
"b2";"50,02";"10,49";"1929";"7";"18,6";"67"
"b2";"50,02";"10,49";"1929";"8";"17,9";"25"
"b2";"50,02";"10,49";"1929";"9";"16,1";"30"
"b2";"50,02";"10,49";"1929";"10";"10,1";"73"
"b2";"50,02";"10,49";"1929";"11";"4,6";"30"
"b2";"50,02";"10,49";"1929";"12";"3,6";"72"
"b2";"50,02";"10,49";"1930";"1";"1,7";"25"
"b2";"50,02";"10,49";"1930";"2";"0,3";"13"
"b2";"50,02";"10,49";"1930";"3";"5,1";"34"
"b2";"50,02";"10,49";"1930";"4";"9,0";"101"
"b2";"50,02";"10,49";"1930";"5";"12,3";"72"
"b2";"50,02";"10,49";"1930";"6";"19,3";"44"
"b2";"50,02";"10,49";"1930";"7";"17,1";"84"
"b2";"50,02";"10,49";"1930";"8";"16,3";"111"
"b2";"50,02";"10,49";"1930";"9";"13,4";"73"
"b2";"50,02";"10,49";"1930";"10";"8,4";"131"
"b2";"50,02";"10,49";"1930";"11";"6,3";"112"
"b2";"50,02";"10,49";"1930";"12";"0,6";"36"
"b2";"50,02";"10,49";"1931";"1";"0,0";"57"
"b2";"50,02";"10,49";"1931";"2";"-0,8";"31"
"b2";"50,02";"10,49";"1931";"3";"0,8";"18"
"b2";"50,02";"10,49";"1931";"4";"6,2";"58"
"b2";"50,02";"10,49";"1931";"5";"16,1";"47"
"b2";"50,02";"10,49";"1931";"6";"17,2";"82"
"b2";"50,02";"10,49";"1931";"7";"17,2";"116"
"b2";"50,02";"10,49";"1931";"8";"15,7";"162"
"b2";"50,02";"10,49";"1931";"9";"10,2";"41"
"b2";"50,02";"10,49";"1931";"10";"7,0";"31"
"b2";"50,02";"10,49";"1931";"11";"4,4";"29"
"b2";"50,02";"10,49";"1931";"12";"-0,6";"51"
"b2";"50,02";"10,49";"1932";"1";"1,4";"52"
"b2";"50,02";"10,49";"1932";"2";"-2,1";"8"
"b2";"50,02";"10,49";"1932";"3";"1,2";"21"
"b2";"50,02";"10,49";"1932";"4";"7,4";"45"
"b2";"50,02";"10,49";"1932";"5";"12,9";"99"
"b2";"50,02";"10,49";"1932";"6";"15,1";"65"
"b2";"50,02";"10,49";"1932";"7";"18,1";"88"
"b2";"50,02";"10,49";"1932";"8";"19,4";"42"
"b2";"50,02";"10,49";"1932";"9";"15,6";"68"
"b2";"50,02";"10,49";"1932";"10";"8,4";"120"
"b2";"50,02";"10,49";"1932";"11";"4,4";"57"
"b2";"50,02";"10,49";"1932";"12";"0,0";"14"
"b2";"50,02";"10,49";"1933";"1";"-2,9";"28"
"b2";"50,02";"10,49";"1933";"2";"0,4";"42"
"b2";"50,02";"10,49";"1933";"3";"5,5";"46"
"b2";"50,02";"10,49";"1933";"4";"7,7";"13"
"b2";"50,02";"10,49";"1933";"5";"11,9";"106"
"b2";"50,02";"10,49";"1933";"6";"14,4";"200"
"b2";"50,02";"10,49";"1933";"7";"18,7";"41"
"b2";"50,02";"10,49";"1933";"8";"17,4";"87"
"b2";"50,02";"10,49";"1933";"9";"13,6";"49"
"b2";"50,02";"10,49";"1933";"10";"8,7";"37"
"b2";"50,02";"10,49";"1933";"11";"2,3";"48"
"b2";"50,02";"10,49";"1933";"12";"-4,3";"4"
"b2";"50,02";"10,49";"1934";"1";"0,1";"48"
"b2";"50,02";"10,49";"1934";"2";"1,0";"4"
"b2";"50,02";"10,49";"1934";"3";"4,3";"33"
"b2";"50,02";"10,49";"1934";"4";"11,2";"21"
"b2";"50,02";"10,49";"1934";"5";"14,3";"34"
"b2";"50,02";"10,49";"1934";"6";"17,3";"27"
"b2";"50,02";"10,49";"1934";"7";"19,4";"20"
"b2";"50,02";"10,49";"1934";"8";"17,0";"76"
"b2";"50,02";"10,49";"1934";"9";"15,9";"15"
"b2";"50,02";"10,49";"1934";"10";"9,1";"65"
"b2";"50,02";"10,49";"1934";"11";"4,0";"30"
"b2";"50,02";"10,49";"1934";"12";"5,3";"54"
"b2";"50,02";"10,49";"1935";"1";"-1,0";"58"
"b2";"50,02";"10,49";"1935";"2";"1,9";"71"
"b2";"50,02";"10,49";"1935";"3";"3,3";"19"
"b2";"50,02";"10,49";"1935";"4";"7,8";"131"
"b2";"50,02";"10,49";"1935";"5";"11,2";"48"
"b2";"50,02";"10,49";"1935";"6";"17,8";"64"
"b2";"50,02";"10,49";"1935";"7";"18,9";"18"
"b2";"50,02";"10,49";"1935";"8";"17,4";"105"
"b2";"50,02";"10,49";"1935";"9";"13,8";"70"
"b2";"50,02";"10,49";"1935";"10";"8,6";"71"
"b2";"50,02";"10,49";"1935";"11";"5,1";"20"
"b2";"50,02";"10,49";"1935";"12";"0,2";"70"
"b2";"50,02";"10,49";"1936";"1";"2,9";"92"
"b2";"50,02";"10,49";"1936";"2";"0,9";"65"
"b2";"50,02";"10,49";"1936";"3";"5,7";"18"
"b2";"50,02";"10,49";"1936";"4";"7,5";"77"
"b2";"50,02";"10,49";"1936";"5";"13,1";"35"
"b2";"50,02";"10,49";"1936";"6";"16,6";"95"
"b2";"50,02";"10,49";"1936";"7";"17,2";"140"
"b2";"50,02";"10,49";"1936";"8";"16,5";"68"
"b2";"50,02";"10,49";"1936";"9";"13,2";"63"
"b2";"50,02";"10,49";"1936";"10";"6,4";"52"
"b2";"50,02";"10,49";"1936";"11";"3,9";"55"
"b2";"50,02";"10,49";"1936";"12";"1,4";"42"
"b2";"50,02";"10,49";"1937";"1";"-0,7";"59"
"b2";"50,02";"10,49";"1937";"2";"2,5";"94"
"b2";"50,02";"10,49";"1937";"3";"3,8";"55"
"b2";"50,02";"10,49";"1937";"4";"8,8";"85"
"b2";"50,02";"10,49";"1937";"5";"15,4";"46"
"b2";"50,02";"10,49";"1937";"6";"16,9";"98"
"b2";"50,02";"10,49";"1937";"7";"18,0";"47"
"b2";"50,02";"10,49";"1937";"8";"18,0";"47"
"b2";"50,02";"10,49";"1937";"9";"13,7";"25"
"b2";"50,02";"10,49";"1937";"10";"9,2";"19"
"b2";"50,02";"10,49";"1937";"11";"3,7";"21"
"b2";"50,02";"10,49";"1937";"12";"-0,1";"55"
"b2";"50,02";"10,49";"1938";"1";"1,6";"84"
"b2";"50,02";"10,49";"1938";"2";"1,1";"31"
"b2";"50,02";"10,49";"1938";"3";"7,1";"12"
"b2";"50,02";"10,49";"1938";"4";"5,5";"13"
"b2";"50,02";"10,49";"1938";"5";"11,4";"64"
"b2";"50,02";"10,49";"1938";"6";"16,9";"31"
"b2";"50,02";"10,49";"1938";"7";"17,4";"76"
"b2";"50,02";"10,49";"1938";"8";"17,9";"100"
"b2";"50,02";"10,49";"1938";"9";"13,9";"27"
"b2";"50,02";"10,49";"1938";"10";"8,7";"60"
"b2";"50,02";"10,49";"1938";"11";"6,6";"31"
"b2";"50,02";"10,49";"1938";"12";"-2,1";"39"
"b2";"50,02";"10,49";"1939";"1";"2,8";"93"
"b2";"50,02";"10,49";"1939";"2";"1,1";"34"
"b2";"50,02";"10,49";"1939";"3";"2,2";"66"
"b2";"50,02";"10,49";"1939";"4";"9,7";"40"
"b2";"50,02";"10,49";"1939";"5";"11,0";"37"
"b2";"50,02";"10,49";"1939";"6";"17,0";"44"
"b2";"50,02";"10,49";"1939";"7";"17,2";"66"
"b2";"50,02";"10,49";"1939";"8";"18,0";"47"
"b2";"50,02";"10,49";"1939";"9";"13,7";"55"
"b2";"50,02";"10,49";"1939";"10";"6,9";"132"
"b2";"50,02";"10,49";"1939";"11";"5,5";"102"
"b2";"50,02";"10,49";"1939";"12";"-1,7";"29"
"b2";"50,02";"10,49";"1940";"1";"-9,8";"22"
"b2";"50,02";"10,49";"1940";"2";"-3,7";"31"
"b2";"50,02";"10,49";"1940";"3";"3,6";"71"
"b2";"50,02";"10,49";"1940";"4";"9,2";"35"
"b2";"50,02";"10,49";"1940";"5";"13,0";"25"
"b2";"50,02";"10,49";"1940";"6";"17,3";"57"
"b2";"50,02";"10,49";"1940";"7";"16,7";"166"
"b2";"50,02";"10,49";"1940";"8";"15,2";"57"
"b2";"50,02";"10,49";"1940";"9";"13,3";"97"
"b2";"50,02";"10,49";"1940";"10";"7,9";"25"
"b2";"50,02";"10,49";"1940";"11";"5,5";"64"
"b2";"50,02";"10,49";"1940";"12";"-3,2";"49"
"b2";"50,02";"10,49";"1941";"1";"-5,1";"81"
"b2";"50,02";"10,49";"1941";"2";"0,2";"40"
"b2";"50,02";"10,49";"1941";"3";"4,2";"53"
"b2";"50,02";"10,49";"1941";"4";"6,3";"42"
"b2";"50,02";"10,49";"1941";"5";"9,4";"115"
"b2";"50,02";"10,49";"1941";"6";"16,7";"55"
"b2";"50,02";"10,49";"1941";"7";"18,6";"109"
"b2";"50,02";"10,49";"1941";"8";"15,3";"89"
"b2";"50,02";"10,49";"1941";"9";"12,5";"25"
"b2";"50,02";"10,49";"1941";"10";"8,3";"134"
"b2";"50,02";"10,49";"1941";"11";"2,0";"31"
"b2";"50,02";"10,49";"1941";"12";"1,0";"68"
"b2";"50,02";"10,49";"1942";"1";"-8,6";"38"
"b2";"50,02";"10,49";"1942";"2";"-5,1";"18"
"b2";"50,02";"10,49";"1942";"3";"2,3";"44"
"b2";"50,02";"10,49";"1942";"4";"8,4";"34"
"b2";"50,02";"10,49";"1942";"5";"12,8";"70"
"b2";"50,02";"10,49";"1942";"6";"14,9";"60"
"b2";"50,02";"10,49";"1942";"7";"16,6";"93"
"b2";"50,02";"10,49";"1942";"8";"17,8";"32"
"b2";"50,02";"10,49";"1942";"9";"16,0";"58"
"b2";"50,02";"10,49";"1942";"10";"11,5";"68"
"b2";"50,02";"10,49";"1942";"11";"3,2";"35"
"b2";"50,02";"10,49";"1942";"12";"1,4";"29"
"b2";"50,02";"10,49";"1943";"1";"-0,8";"30"
"b2";"50,02";"10,49";"1943";"2";"2,9";"18"
"b2";"50,02";"10,49";"1943";"3";"6,3";"8"
"b2";"50,02";"10,49";"1943";"4";"9,8";"40"
"b2";"50,02";"10,49";"1943";"5";"13,4";"53"
"b2";"50,02";"10,49";"1943";"6";"14,6";"68"
"b2";"50,02";"10,49";"1943";"7";"18,0";"62"
"b2";"50,02";"10,49";"1943";"8";"18,4";"90"
"b2";"50,02";"10,49";"1943";"9";"14,2";"49"
"b2";"50,02";"10,49";"1943";"10";"10,1";"0"
"b2";"50,02";"10,49";"1943";"11";"2,9";"75"
"b2";"50,02";"10,49";"1943";"12";"0,0";"29"
"b2";"50,02";"10,49";"1944";"1";"2,8";"56"
"b2";"50,02";"10,49";"1944";"2";"-1,2";"42"
"b2";"50,02";"10,49";"1944";"3";"1,2";"35"
"b2";"50,02";"10,49";"1944";"4";"9,4";"57"
"b2";"50,02";"10,49";"1944";"5";"12,3";"8"
"b2";"50,02";"10,49";"1944";"6";"14,6";"82"
"b2";"50,02";"10,49";"1944";"7";"17,6";"69"
"b2";"50,02";"10,49";"1944";"8";"20,5";"41"
"b2";"50,02";"10,49";"1944";"9";"12,8";"55"
"b2";"50,02";"10,49";"1944";"10";"9,3";"47"
"b2";"50,02";"10,49";"1944";"11";"3,9";"123"
"b2";"50,02";"10,49";"1944";"12";"-0,6";"58"
"b2";"50,02";"10,49";"1945";"1";"-4,9";"36"
"b2";"50,02";"10,49";"1945";"2";"4,2";"61"
"b2";"50,02";"10,49";"1945";"3";"6,3";"15"
"b2";"50,02";"10,49";"1945";"4";"9,7";"31"
"b2";"50,02";"10,49";"1945";"5";"15,0";"110"
"b2";"50,02";"10,49";"1945";"6";"17,4";"75"
"b2";"50,02";"10,49";"1945";"7";"18,6";"67"
"b2";"50,02";"10,49";"1945";"8";"16,5";"117"
"b2";"50,02";"10,49";"1945";"9";"14,1";"28"
"b2";"50,02";"10,49";"1945";"10";"9,5";"18"
"b2";"50,02";"10,49";"1945";"11";"3,6";"32"
"b2";"50,02";"10,49";"1945";"12";"1,0";"38"
"b2";"50,02";"10,49";"1946";"1";"-2,5";"39"
"b2";"50,02";"10,49";"1946";"2";"3,1";"125"
"b2";"50,02";"10,49";"1946";"3";"5,0";"24"
"b2";"50,02";"10,49";"1946";"4";"10,4";"22"
"b2";"50,02";"10,49";"1946";"5";"14,4";"67"
"b2";"50,02";"10,49";"1946";"6";"14,8";"110"
"b2";"50,02";"10,49";"1946";"7";"18,5";"38"
"b2";"50,02";"10,49";"1946";"8";"16,8";"55"
"b2";"50,02";"10,49";"1946";"9";"14,5";"59"
"b2";"50,02";"10,49";"1946";"10";"7,2";"62"
"b2";"50,02";"10,49";"1946";"11";"3,6";"21"
"b2";"50,02";"10,49";"1946";"12";"-2,2";"31"
"b2";"50,02";"10,49";"1947";"1";"-4,2";"26"
"b2";"50,02";"10,49";"1947";"2";"-5,2";"30"
"b2";"50,02";"10,49";"1947";"3";"4,0";"93"
"b2";"50,02";"10,49";"1947";"4";"10,7";"61"
"b2";"50,02";"10,49";"1947";"5";"15,6";"23"
"b2";"50,02";"10,49";"1947";"6";"18,9";"50"
"b2";"50,02";"10,49";"1947";"7";"20,4";"62"
"b2";"50,02";"10,49";"1947";"8";"20,5";"5"
"b2";"50,02";"10,49";"1947";"9";"17,6";"21"
"b2";"50,02";"10,49";"1947";"10";"7,9";"6"
"b2";"50,02";"10,49";"1947";"11";"5,4";"76"
"b2";"50,02";"10,49";"1947";"12";"1,3";"160"
"b2";"50,02";"10,49";"1948";"1";"3,8";"92"
"b2";"50,02";"10,49";"1948";"2";"1,1";"71"
"b2";"50,02";"10,49";"1948";"3";"6,7";"22"
"b2";"50,02";"10,49";"1948";"4";"11,2";"24"
"b2";"50,02";"10,49";"1948";"5";"14,9";"31"
"b2";"50,02";"10,49";"1948";"6";"16,4";"93"
"b2";"50,02";"10,49";"1948";"7";"16,8";"122"
"b2";"50,02";"10,49";"1948";"8";"17,1";"53"
"b2";"50,02";"10,49";"1948";"9";"13,5";"8"
"b2";"50,02";"10,49";"1948";"10";"9,0";"25"
"b2";"50,02";"10,49";"1948";"11";"3,7";"21"
"b2";"50,02";"10,49";"1948";"12";"-0,6";"12"
"b2";"50,02";"10,49";"1949";"1";"0,9";"34"
"b2";"50,02";"10,49";"1949";"2";"0,6";"21"
"b2";"50,02";"10,49";"1949";"3";"2,7";"43"
"b2";"50,02";"10,49";"1949";"4";"11,3";"36"
"b2";"50,02";"10,49";"1949";"5";"13,1";"86"
"b2";"50,02";"10,49";"1949";"6";"14,8";"19"
"b2";"50,02";"10,49";"1949";"7";"18,9";"6"
"b2";"50,02";"10,49";"1949";"8";"18,3";"38"
"b2";"50,02";"10,49";"1949";"9";"17,0";"37"
"b2";"50,02";"10,49";"1949";"10";"10,8";"17"
"b2";"50,02";"10,49";"1949";"11";"3,8";"39"
"b2";"50,02";"10,49";"1949";"12";"3,2";"63"
"b2";"50,02";"10,49";"1950";"1";"-1,0";"38"
"b2";"50,02";"10,49";"1950";"2";"2,9";"87"
"b2";"50,02";"10,49";"1950";"3";"4,7";"8"
"b2";"50,02";"10,49";"1950";"4";"7,5";"70"
"b2";"50,02";"10,49";"1950";"5";"14,8";"61"
"b2";"50,02";"10,49";"1950";"6";"18,5";"42"
"b2";"50,02";"10,49";"1950";"7";"19,3";"101"
"b2";"50,02";"10,49";"1950";"8";"17,9";"97"
"b2";"50,02";"10,49";"1950";"9";"13,4";"83"
"b2";"50,02";"10,49";"1950";"10";"8,0";"26"
"b2";"50,02";"10,49";"1950";"11";"4,6";"99"
"b2";"50,02";"10,49";"1950";"12";"-1,9";"40"
"b2";"50,02";"10,49";"1951";"1";"2,2";"52"
"b2";"50,02";"10,49";"1951";"2";"2,8";"38"
"b2";"50,02";"10,49";"1951";"3";"3,1";"48"
"b2";"50,02";"10,49";"1951";"4";"8,1";"27"
"b2";"50,02";"10,49";"1951";"5";"12,9";"35"
"b2";"50,02";"10,49";"1951";"6";"16,1";"93"
"b2";"50,02";"10,49";"1951";"7";"18,4";"54"
"b2";"50,02";"10,49";"1951";"8";"18,0";"56"
"b2";"50,02";"10,49";"1951";"9";"14,7";"35"
"b2";"50,02";"10,49";"1951";"10";"8,1";"31"
"b2";"50,02";"10,49";"1951";"11";"6,5";"78"
"b2";"50,02";"10,49";"1951";"12";"1,6";"30"
"b2";"50,02";"10,49";"1952";"1";"0,3";"67"
"b2";"50,02";"10,49";"1952";"2";"-0,6";"39"
"b2";"50,02";"10,49";"1952";"3";"3,9";"103"
"b2";"50,02";"10,49";"1952";"4";"11,4";"21"
"b2";"50,02";"10,49";"1952";"5";"13,1";"57"
"b2";"50,02";"10,49";"1952";"6";"16,5";"47"
"b2";"50,02";"10,49";"1952";"7";"20,3";"7"
"b2";"50,02";"10,49";"1952";"8";"19,1";"31"
"b2";"50,02";"10,49";"1952";"9";"11,1";"105"
"b2";"50,02";"10,49";"1952";"10";"7,5";"80"
"b2";"50,02";"10,49";"1952";"11";"2,3";"91"
"b2";"50,02";"10,49";"1952";"12";"-0,4";"83"
"b2";"50,02";"10,49";"1953";"1";"-1,8";"24"
"b2";"50,02";"10,49";"1953";"2";"0,6";"37"
"b2";"50,02";"10,49";"1953";"3";"5,7";"4"
"b2";"50,02";"10,49";"1953";"4";"10,2";"29"
"b2";"50,02";"10,49";"1953";"5";"14,6";"35"
"b2";"50,02";"10,49";"1953";"6";"16,9";"90"
"b2";"50,02";"10,49";"1953";"7";"18,3";"55"
"b2";"50,02";"10,49";"1953";"8";"17,1";"38"
"b2";"50,02";"10,49";"1953";"9";"14,4";"24"
"b2";"50,02";"10,49";"1953";"10";"10,2";"27"
"b2";"50,02";"10,49";"1953";"11";"4,2";"9"
"b2";"50,02";"10,49";"1953";"12";"2,4";"23"
"b2";"50,02";"10,49";"1954";"1";"-3,3";"53"
"b2";"50,02";"10,49";"1954";"2";"-2,6";"12"
"b2";"50,02";"10,49";"1954";"3";"5,4";"12"
"b2";"50,02";"10,49";"1954";"4";"7,2";"50"
"b2";"50,02";"10,49";"1954";"5";"12,9";"32"
"b2";"50,02";"10,49";"1954";"6";"17,0";"34"
"b2";"50,02";"10,49";"1954";"7";"15,0";"129"
"b2";"50,02";"10,49";"1954";"8";"16,4";"94"
"b2";"50,02";"10,49";"1954";"9";"13,8";"108"
"b2";"50,02";"10,49";"1954";"10";"9,9";"59"
"b2";"50,02";"10,49";"1954";"11";"3,8";"25"
"b2";"50,02";"10,49";"1954";"12";"3,1";"67"
"b2";"50,02";"10,49";"1955";"1";"-2,0";"40"
"b2";"50,02";"10,49";"1955";"2";"-1,4";"52"
"b2";"50,02";"10,49";"1955";"3";"1,8";"34"
"b2";"50,02";"10,49";"1955";"4";"7,9";"22"
"b2";"50,02";"10,49";"1955";"5";"11,1";"61"
"b2";"50,02";"10,49";"1955";"6";"15,7";"68"
"b2";"50,02";"10,49";"1955";"7";"18,1";"147"
"b2";"50,02";"10,49";"1955";"8";"17,1";"96"
"b2";"50,02";"10,49";"1955";"9";"13,4";"36"
"b2";"50,02";"10,49";"1955";"10";"8,0";"26"
"b2";"50,02";"10,49";"1955";"11";"3,5";"10"
"b2";"50,02";"10,49";"1955";"12";"2,2";"108"
"b2";"50,02";"10,49";"1956";"1";"0,2";"47"
"b2";"50,02";"10,49";"1956";"2";"-9,6";"11"
"b2";"50,02";"10,49";"1956";"3";"3,8";"38"
"b2";"50,02";"10,49";"1956";"4";"6,8";"63"
"b2";"50,02";"10,49";"1956";"5";"13,5";"34"
"b2";"50,02";"10,49";"1956";"6";"14,0";"115"
"b2";"50,02";"10,49";"1956";"7";"17,8";"113"
"b2";"50,02";"10,49";"1956";"8";"14,8";"98"
"b2";"50,02";"10,49";"1956";"9";"14,0";"38"
"b2";"50,02";"10,49";"1956";"10";"8,5";"65"
"b2";"50,02";"10,49";"1956";"11";"2,6";"39"
"b2";"50,02";"10,49";"1956";"12";"1,5";"26"
"b2";"50,02";"10,49";"1957";"1";"-0,6";"32"
"b2";"50,02";"10,49";"1957";"2";"4,3";"81"
"b2";"50,02";"10,49";"1957";"3";"7,2";"39"
"b2";"50,02";"10,49";"1957";"4";"8,8";"13"
"b2";"50,02";"10,49";"1957";"5";"10,4";"24"
"b2";"50,02";"10,49";"1957";"6";"18,1";"67"
"b2";"50,02";"10,49";"1957";"7";"19,0";"57"
"b2";"50,02";"10,49";"1957";"8";"15,7";"69"
"b2";"50,02";"10,49";"1957";"9";"12,4";"156"
"b2";"50,02";"10,49";"1957";"10";"8,8";"16"
"b2";"50,02";"10,49";"1957";"11";"4,5";"16"
"b2";"50,02";"10,49";"1957";"12";"0,5";"39"
"b2";"50,02";"10,49";"1958";"1";"-0,5";"63"
"b2";"50,02";"10,49";"1958";"2";"2,5";"77"
"b2";"50,02";"10,49";"1958";"3";"0,1";"35"
"b2";"50,02";"10,49";"1958";"4";"6,4";"31"
"b2";"50,02";"10,49";"1958";"5";"14,5";"88"
"b2";"50,02";"10,49";"1958";"6";"15,4";"118"
"b2";"50,02";"10,49";"1958";"7";"17,7";"136"
"b2";"50,02";"10,49";"1958";"8";"17,9";"88"
"b2";"50,02";"10,49";"1958";"9";"14,9";"54"
"b2";"50,02";"10,49";"1958";"10";"8,9";"47"
"b2";"50,02";"10,49";"1958";"11";"5,1";"18"
"b2";"50,02";"10,49";"1958";"12";"2,5";"61"
"b2";"50,02";"10,49";"1959";"1";"0,0";"36"
"b2";"50,02";"10,49";"1959";"2";"-0,2";"4"
"b2";"50,02";"10,49";"1959";"3";"7,0";"35"
"b2";"50,02";"10,49";"1959";"4";"10,4";"52"
"b2";"50,02";"10,49";"1959";"5";"13,8";"47"
"b2";"50,02";"10,49";"1959";"6";"17,1";"85"
"b2";"50,02";"10,49";"1959";"7";"20,5";"28"
"b2";"50,02";"10,49";"1959";"8";"18,1";"91"
"b2";"50,02";"10,49";"1959";"9";"14,0";"1"
"b2";"50,02";"10,49";"1959";"10";"8,0";"68"
"b2";"50,02";"10,49";"1959";"11";"3,3";"46"
"b2";"50,02";"10,49";"1959";"12";"2,9";"58"
"b2";"50,02";"10,49";"1960";"1";"-0,2";"43"
"b2";"50,02";"10,49";"1960";"2";"1,0";"31"
"b2";"50,02";"10,49";"1960";"3";"5,7";"29"
"b2";"50,02";"10,49";"1960";"4";"9,0";"28"
"b2";"50,02";"10,49";"1960";"5";"14,0";"41"
"b2";"50,02";"10,49";"1960";"6";"17,7";"19"
"b2";"50,02";"10,49";"1960";"7";"16,5";"60"
"b2";"50,02";"10,49";"1960";"8";"16,6";"78"
"b2";"50,02";"10,49";"1960";"9";"12,8";"22"
"b2";"50,02";"10,49";"1960";"10";"9,4";"116"
"b2";"50,02";"10,49";"1960";"11";"6,2";"79"
"b2";"50,02";"10,49";"1960";"12";"1,1";"79"
"b2";"50,02";"10,49";"1961";"1";"-0,6";"50"
"b2";"50,02";"10,49";"1961";"2";"4,4";"64"
"b2";"50,02";"10,49";"1961";"3";"6,3";"21"
"b2";"50,02";"10,49";"1961";"4";"12,1";"55"
"b2";"50,02";"10,49";"1961";"5";"10,8";"89"
"b2";"50,02";"10,49";"1961";"6";"16,3";"121"
"b2";"50,02";"10,49";"1961";"7";"15,5";"90"
"b2";"50,02";"10,49";"1961";"8";"16,5";"75"
"b2";"50,02";"10,49";"1961";"9";"16,9";"36"
"b2";"50,02";"10,49";"1961";"10";"10,5";"50"
"b2";"50,02";"10,49";"1961";"11";"3,9";"40"
"b2";"50,02";"10,49";"1961";"12";"0,0";"84"
"b2";"50,02";"10,49";"1962";"1";"1,6";"52"
"b2";"50,02";"10,49";"1962";"2";"0,2";"65"
"b2";"50,02";"10,49";"1962";"3";"0,8";"48"
"b2";"50,02";"10,49";"1962";"4";"9,5";"43"
"b2";"50,02";"10,49";"1962";"5";"10,4";"49"
"b2";"50,02";"10,49";"1962";"6";"15,2";"30"
"b2";"50,02";"10,49";"1962";"7";"16,0";"61"
"b2";"50,02";"10,49";"1962";"8";"17,2";"40"
"b2";"50,02";"10,49";"1962";"9";"12,8";"82"
"b2";"50,02";"10,49";"1962";"10";"8,9";"10"
"b2";"50,02";"10,49";"1962";"11";"2,2";"18"
"b2";"50,02";"10,49";"1962";"12";"-4,2";"60"
"b2";"50,02";"10,49";"1963";"1";"-7,0";"15"
"b2";"50,02";"10,49";"1963";"2";"-5,8";"14"
"b2";"50,02";"10,49";"1963";"3";"2,2";"59"
"b2";"50,02";"10,49";"1963";"4";"9,6";"45"
"b2";"50,02";"10,49";"1963";"5";"12,9";"26"
"b2";"50,02";"10,49";"1963";"6";"16,2";"80"
"b2";"50,02";"10,49";"1963";"7";"18,6";"37"
"b2";"50,02";"10,49";"1963";"8";"16,6";"110"
"b2";"50,02";"10,49";"1963";"9";"14,4";"27"
"b2";"50,02";"10,49";"1963";"10";"7,7";"37"
"b2";"50,02";"10,49";"1963";"11";"7,3";"103"
"b2";"50,02";"10,49";"1963";"12";"-3,7";"6"
"b2";"50,02";"10,49";"1964";"1";"-4,5";"19"
"b2";"50,02";"10,49";"1964";"2";"0,8";"21"
"b2";"50,02";"10,49";"1964";"3";"1,4";"29"
"b2";"50,02";"10,49";"1964";"4";"9,6";"27"
"b2";"50,02";"10,49";"1964";"5";"14,5";"47"
"b2";"50,02";"10,49";"1964";"6";"18,1";"31"
"b2";"50,02";"10,49";"1964";"7";"19,5";"13"
"b2";"50,02";"10,49";"1964";"8";"16,7";"34"
"b2";"50,02";"10,49";"1964";"9";"13,8";"38"
"b2";"50,02";"10,49";"1964";"10";"7,7";"34"
"b2";"50,02";"10,49";"1964";"11";"5,3";"74"
"b2";"50,02";"10,49";"1964";"12";"0,2";"28"
"b2";"50,02";"10,49";"1965";"1";"1,0";"95"
"b2";"50,02";"10,49";"1965";"2";"-1,8";"31"
"b2";"50,02";"10,49";"1965";"3";"2,6";"79"
"b2";"50,02";"10,49";"1965";"4";"7,3";"93"
"b2";"50,02";"10,49";"1965";"5";"12,3";"51"
"b2";"50,02";"10,49";"1965";"6";"16,4";"123"
"b2";"50,02";"10,49";"1965";"7";"16,1";"133"
"b2";"50,02";"10,49";"1965";"8";"15,4";"53"
"b2";"50,02";"10,49";"1965";"9";"12,4";"66"
"b2";"50,02";"10,49";"1965";"10";"7,9";"7"
"b2";"50,02";"10,49";"1965";"11";"2,0";"125"
"b2";"50,02";"10,49";"1965";"12";"3,3";"124"
"b2";"50,02";"10,49";"1966";"1";"-2,7";"34"
"b2";"50,02";"10,49";"1966";"2";"5,6";"58"
"b2";"50,02";"10,49";"1966";"3";"3,5";"65"
"b2";"50,02";"10,49";"1966";"4";"10,5";"90"
"b2";"50,02";"10,49";"1966";"5";"13,7";"75"
"b2";"50,02";"10,49";"1966";"6";"17,4";"116"
"b2";"50,02";"10,49";"1966";"7";"15,9";"97"
"b2";"50,02";"10,49";"1966";"8";"16,2";"70"
"b2";"50,02";"10,49";"1966";"9";"13,7";"25"
"b2";"50,02";"10,49";"1966";"10";"11,5";"58"
"b2";"50,02";"10,49";"1966";"11";"2,0";"58"
"b2";"50,02";"10,49";"1966";"12";"2,2";"125"
"b2";"50,02";"10,49";"1967";"1";"0,4";"53"
"b2";"50,02";"10,49";"1967";"2";"2,8";"46"
"b2";"50,02";"10,49";"1967";"3";"5,6";"62"
"b2";"50,02";"10,49";"1967";"4";"7,5";"31"
"b2";"50,02";"10,49";"1967";"5";"13,2";"49"
"b2";"50,02";"10,49";"1967";"6";"15,4";"52"
"b2";"50,02";"10,49";"1967";"7";"19,8";"47"
"b2";"50,02";"10,49";"1967";"8";"17,2";"62"
"b2";"50,02";"10,49";"1967";"9";"14,1";"76"
"b2";"50,02";"10,49";"1967";"10";"11,4";"72"
"b2";"50,02";"10,49";"1967";"11";"3,4";"42"
"b2";"50,02";"10,49";"1967";"12";"-0,1";"115"
"b2";"50,02";"10,49";"1968";"1";"-1,7";"68"
"b2";"50,02";"10,49";"1968";"2";"1,1";"54"
"b2";"50,02";"10,49";"1968";"3";"4,5";"45"
"b2";"50,02";"10,49";"1968";"4";"9,4";"75"
"b2";"50,02";"10,49";"1968";"5";"11,9";"49"
"b2";"50,02";"10,49";"1968";"6";"16,6";"48"
"b2";"50,02";"10,49";"1968";"7";"17,3";"39"
"b2";"50,02";"10,49";"1968";"8";"16,8";"110"
"b2";"50,02";"10,49";"1968";"9";"13,6";"108"
"b2";"50,02";"10,49";"1968";"10";"10,1";"65"
"b2";"50,02";"10,49";"1968";"11";"3,4";"22"
"b2";"50,02";"10,49";"1968";"12";"-1,6";"28"
"b2";"50,02";"10,49";"1969";"1";"0,1";"43"
"b2";"50,02";"10,49";"1969";"2";"-2,2";"49"
"b2";"50,02";"10,49";"1969";"3";"2,7";"59"
"b2";"50,02";"10,49";"1969";"4";"7,9";"71"
"b2";"50,02";"10,49";"1969";"5";"13,9";"106"
"b2";"50,02";"10,49";"1969";"6";"15,4";"123"
"b2";"50,02";"10,49";"1969";"7";"19,3";"59"
"b2";"50,02";"10,49";"1969";"8";"17,1";"93"
"b2";"50,02";"10,49";"1969";"9";"13,8";"21"
"b2";"50,02";"10,49";"1969";"10";"9,4";"7"
"b2";"50,02";"10,49";"1969";"11";"5,1";"76"
"b2";"50,02";"10,49";"1969";"12";"-4,8";"27"
"b2";"50,02";"10,49";"1970";"1";"-2,4";"36"
"b2";"50,02";"10,49";"1970";"2";"-0,5";"128"
"b2";"50,02";"10,49";"1970";"3";"1,3";"41"
"b2";"50,02";"10,49";"1970";"4";"6,1";"86"
"b2";"50,02";"10,49";"1970";"5";"12,0";"82"
"b2";"50,02";"10,49";"1970";"6";"17,9";"56"
"b2";"50,02";"10,49";"1970";"7";"16,4";"67"
"b2";"50,02";"10,49";"1970";"8";"17,3";"54"
"b2";"50,02";"10,49";"1970";"9";"13,5";"16"
"b2";"50,02";"10,49";"1970";"10";"9,2";"80"
"b2";"50,02";"10,49";"1970";"11";"5,7";"58"
"b2";"50,02";"10,49";"1970";"12";"0,2";"54"
"b2";"50,02";"10,49";"1971";"1";"-2,5";"37"
"b2";"50,02";"10,49";"1971";"2";"1,3";"18"
"b2";"50,02";"10,49";"1971";"3";"1,4";"13"
"b2";"50,02";"10,49";"1971";"4";"9,5";"53"
"b2";"50,02";"10,49";"1971";"5";"14,9";"93"
"b2";"50,02";"10,49";"1971";"6";"14,2";"110"
"b2";"50,02";"10,49";"1971";"7";"19,0";"6"
"b2";"50,02";"10,49";"1971";"8";"18,3";"78"
"b2";"50,02";"10,49";"1971";"9";"12,1";"23"
"b2";"50,02";"10,49";"1971";"10";"7,9";"27"
"b2";"50,02";"10,49";"1971";"11";"3,1";"63"
"b2";"50,02";"10,49";"1971";"12";"3,3";"29"
"b2";"50,02";"10,49";"1972";"1";"-2,2";"15"
"b2";"50,02";"10,49";"1972";"2";"2,3";"4"
"b2";"50,02";"10,49";"1972";"3";"5,9";"46"
"b2";"50,02";"10,49";"1972";"4";"8,0";"46"
"b2";"50,02";"10,49";"1972";"5";"11,7";"51"
"b2";"50,02";"10,49";"1972";"6";"14,9";"131"
"b2";"50,02";"10,49";"1972";"7";"18,3";"67"
"b2";"50,02";"10,49";"1972";"8";"16,1";"119"
"b2";"50,02";"10,49";"1972";"9";"10,9";"34"
"b2";"50,02";"10,49";"1972";"10";"6,3";"30"
"b2";"50,02";"10,49";"1972";"11";"3,7";"70"
"b2";"50,02";"10,49";"1972";"12";"-0,4";"8"
"b2";"50,02";"10,49";"1973";"1";"-0,4";"15"
"b2";"50,02";"10,49";"1973";"2";"0,5";"37"
"b2";"50,02";"10,49";"1973";"3";"3,9";"18"
"b2";"50,02";"10,49";"1973";"4";"5,8";"52"
"b2";"50,02";"10,49";"1973";"5";"13,6";"59"
"b2";"50,02";"10,49";"1973";"6";"16,7";"55"
"b2";"50,02";"10,49";"1973";"7";"17,7";"103"
"b2";"50,02";"10,49";"1973";"8";"18,5";"21"
"b2";"50,02";"10,49";"1973";"9";"14,6";"31"
"b2";"50,02";"10,49";"1973";"10";"7,2";"74"
"b2";"50,02";"10,49";"1973";"11";"3,0";"47"
"b2";"50,02";"10,49";"1973";"12";"-0,9";"50"
"b2";"50,02";"10,49";"1974";"1";"3,1";"38"
"b2";"50,02";"10,49";"1974";"2";"3,3";"46"
"b2";"50,02";"10,49";"1974";"3";"6,9";"26"
"b2";"50,02";"10,49";"1974";"4";"8,7";"19"
"b2";"50,02";"10,49";"1974";"5";"11,6";"35"
"b2";"50,02";"10,49";"1974";"6";"14,6";"83"
"b2";"50,02";"10,49";"1974";"7";"15,7";"87"
"b2";"50,02";"10,49";"1974";"8";"17,9";"67"
"b2";"50,02";"10,49";"1974";"9";"13,7";"51"
"b2";"50,02";"10,49";"1974";"10";"5,2";"107"
"b2";"50,02";"10,49";"1974";"11";"4,3";"54"
"b2";"50,02";"10,49";"1974";"12";"4,5";"93"
"b2";"50,02";"10,49";"1975";"1";"3,8";"54"
"b2";"50,02";"10,49";"1975";"2";"1,5";"16"
"b2";"50,02";"10,49";"1975";"3";"4,1";"31"
"b2";"50,02";"10,49";"1975";"4";"7,7";"56"
"b2";"50,02";"10,49";"1975";"5";"12,9";"40"
"b2";"50,02";"10,49";"1975";"6";"15,6";"77"
"b2";"50,02";"10,49";"1975";"7";"19,0";"28"
"b2";"50,02";"10,49";"1975";"8";"19,3";"86"
"b2";"50,02";"10,49";"1975";"9";"15,9";"60"
"b2";"50,02";"10,49";"1975";"10";"7,4";"41"
"b2";"50,02";"10,49";"1975";"11";"2,5";"42"
"b2";"50,02";"10,49";"1975";"12";"0,6";"24"
"b2";"50,02";"10,49";"1976";"1";"1,7";"75"
"b2";"50,02";"10,49";"1976";"2";"0,2";"13"
"b2";"50,02";"10,49";"1976";"3";"1,7";"19"
"b2";"50,02";"10,49";"1976";"4";"7,9";"9"
"b2";"50,02";"10,49";"1976";"5";"13,9";"28"
"b2";"50,02";"10,49";"1976";"6";"18,7";"30"
"b2";"50,02";"10,49";"1976";"7";"20,7";"45"
"b2";"50,02";"10,49";"1976";"8";"17,1";"10"
"b2";"50,02";"10,49";"1976";"9";"13,1";"56"
"b2";"50,02";"10,49";"1976";"10";"9,5";"35"
"b2";"50,02";"10,49";"1976";"11";"4,8";"46"
"b2";"50,02";"10,49";"1976";"12";"-1,5";"30"
"b2";"50,02";"10,49";"1977";"1";"0,2";"63"
"b2";"50,02";"10,49";"1977";"2";"3,4";"77"
"b2";"50,02";"10,49";"1977";"3";"6,6";"41"
"b2";"50,02";"10,49";"1977";"4";"6,3";"45"
"b2";"50,02";"10,49";"1977";"5";"12,4";"14"
"b2";"50,02";"10,49";"1977";"6";"16,0";"90"
"b2";"50,02";"10,49";"1977";"7";"17,6";"40"
"b2";"50,02";"10,49";"1977";"8";"16,6";"100"
"b2";"50,02";"10,49";"1977";"9";"12,4";"24"
"b2";"50,02";"10,49";"1977";"10";"10,0";"56"
"b2";"50,02";"10,49";"1977";"11";"5,1";"98"
"b2";"50,02";"10,49";"1977";"12";"1,5";"52"
"b2";"50,02";"10,49";"1978";"1";"0,8";"35"
"b2";"50,02";"10,49";"1978";"2";"-1,2";"15"
"b2";"50,02";"10,49";"1978";"3";"5,2";"62"
"b2";"50,02";"10,49";"1978";"4";"7,7";"12"
"b2";"50,02";"10,49";"1978";"5";"12,1";"87"
"b2";"50,02";"10,49";"1978";"6";"15,3";"36"
"b2";"50,02";"10,49";"1978";"7";"16,0";"73"
"b2";"50,02";"10,49";"1978";"8";"15,2";"62"
"b2";"50,02";"10,49";"1978";"9";"12,6";"49"
"b2";"50,02";"10,49";"1978";"10";"8,4";"49"
"b2";"50,02";"10,49";"1978";"11";"3,3";"8"
"b2";"50,02";"10,49";"1978";"12";"1,0";"106"
"b2";"50,02";"10,49";"1979";"1";"-5,2";"22"
"b2";"50,02";"10,49";"1979";"2";"-0,6";"44"
"b2";"50,02";"10,49";"1979";"3";"4,7";"77"
"b2";"50,02";"10,49";"1979";"4";"6,9";"47"
"b2";"50,02";"10,49";"1979";"5";"12,6";"35"
"b2";"50,02";"10,49";"1979";"6";"17,6";"49"
"b2";"50,02";"10,49";"1979";"7";"16,2";"51"
"b2";"50,02";"10,49";"1979";"8";"16,0";"31"
"b2";"50,02";"10,49";"1979";"9";"13,3";"65"
"b2";"50,02";"10,49";"1979";"10";"8,8";"16"
"b2";"50,02";"10,49";"1979";"11";"3,3";"71"
"b2";"50,02";"10,49";"1979";"12";"4,0";"103"
"b2";"50,02";"10,49";"1980";"1";"-2,3";"35"
"b2";"50,02";"10,49";"1980";"2";"2,8";"61"
"b2";"50,02";"10,49";"1980";"3";"4,8";"38"
"b2";"50,02";"10,49";"1980";"4";"6,6";"46"
"b2";"50,02";"10,49";"1980";"5";"11,4";"41"
"b2";"50,02";"10,49";"1980";"6";"15,2";"72"
"b2";"50,02";"10,49";"1980";"7";"15,3";"164"
"b2";"50,02";"10,49";"1980";"8";"17,3";"34"
"b2";"50,02";"10,49";"1980";"9";"14,0";"31"
"b2";"50,02";"10,49";"1980";"10";"7,5";"46"
"b2";"50,02";"10,49";"1980";"11";"2,8";"35"
"b2";"50,02";"10,49";"1980";"12";"-0,1";"61"
"b2";"50,02";"10,49";"1981";"1";"-3,1";"74"
"b2";"50,02";"10,49";"1981";"2";"-0,9";"30"
"b2";"50,02";"10,49";"1981";"3";"7,5";"67"
"b2";"50,02";"10,49";"1981";"4";"8,8";"49"
"b2";"50,02";"10,49";"1981";"5";"13,4";"92"
"b2";"50,02";"10,49";"1981";"6";"16,2";"43"
"b2";"50,02";"10,49";"1981";"7";"16,9";"58"
"b2";"50,02";"10,49";"1981";"8";"16,9";"84"
"b2";"50,02";"10,49";"1981";"9";"14,6";"55"
"b2";"50,02";"10,49";"1981";"10";"8,5";"128"
"b2";"50,02";"10,49";"1981";"11";"4,7";"63"
"b2";"50,02";"10,49";"1981";"12";"-2,1";"124"
"b2";"50,02";"10,49";"1982";"1";"-3,3";"67"
"b2";"50,02";"10,49";"1982";"2";"-0,5";"9"
"b2";"50,02";"10,49";"1982";"3";"4,5";"46"
"b2";"50,02";"10,49";"1982";"4";"7,3";"52"
"b2";"50,02";"10,49";"1982";"5";"13,0";"50"
"b2";"50,02";"10,49";"1982";"6";"17,0";"66"
"b2";"50,02";"10,49";"1982";"7";"20,0";"97"
"b2";"50,02";"10,49";"1982";"8";"17,8";"50"
"b2";"50,02";"10,49";"1982";"9";"16,0";"21"
"b2";"50,02";"10,49";"1982";"10";"9,2";"80"
"b2";"50,02";"10,49";"1982";"11";"5,5";"39"
"b2";"50,02";"10,49";"1982";"12";"2,3";"81"
"b2";"50,02";"10,49";"1983";"1";"3,5";"81"
"b2";"50,02";"10,49";"1983";"2";"-2,0";"41"
"b2";"50,02";"10,49";"1983";"3";"4,6";"46"
"b2";"50,02";"10,49";"1983";"4";"9,4";"101"
"b2";"50,02";"10,49";"1983";"5";"11,6";"118"
"b2";"50,02";"10,49";"1983";"6";"17,2";"23"
"b2";"50,02";"10,49";"1983";"7";"21,8";"19"
"b2";"50,02";"10,49";"1983";"8";"19,3";"34"
"b2";"50,02";"10,49";"1983";"9";"14,1";"60"
"b2";"50,02";"10,49";"1983";"10";"8,8";"26"
"b2";"50,02";"10,49";"1983";"11";"2,4";"46"
"b2";"50,02";"10,49";"1983";"12";"-0,6";"35"
"b2";"50,02";"10,49";"1984";"1";"0,7";"83"
"b2";"50,02";"10,49";"1984";"2";"0,0";"68"
"b2";"50,02";"10,49";"1984";"3";"2,4";"13"
"b2";"50,02";"10,49";"1984";"4";"7,1";"35"
"b2";"50,02";"10,49";"1984";"5";"10,9";"126"
"b2";"50,02";"10,49";"1984";"6";"14,4";"75"
"b2";"50,02";"10,49";"1984";"7";"16,6";"70"
"b2";"50,02";"10,49";"1984";"8";"17,3";"31"
"b2";"50,02";"10,49";"1984";"9";"12,6";"88"
"b2";"50,02";"10,49";"1984";"10";"10,0";"47"
"b2";"50,02";"10,49";"1984";"11";"4,7";"67"
"b2";"50,02";"10,49";"1984";"12";"1,2";"31"
"b2";"50,02";"10,49";"1985";"1";"-5,9";"38"
"b2";"50,02";"10,49";"1985";"2";"-4,5";"19"
"b2";"50,02";"10,49";"1985";"3";"3,1";"22"
"b2";"50,02";"10,49";"1985";"4";"8,4";"33"
"b2";"50,02";"10,49";"1985";"5";"14,4";"45"
"b2";"50,02";"10,49";"1985";"6";"13,8";"73"
"b2";"50,02";"10,49";"1985";"7";"17,9";"79"
"b2";"50,02";"10,49";"1985";"8";"16,6";"48"
"b2";"50,02";"10,49";"1985";"9";"13,8";"31"
"b2";"50,02";"10,49";"1985";"10";"8,4";"8"
"b2";"50,02";"10,49";"1985";"11";"0,7";"56"
"b2";"50,02";"10,49";"1985";"12";"2,9";"44"
"b2";"50,02";"10,49";"1986";"1";"0,3";"80"
"b2";"50,02";"10,49";"1986";"2";"-5,9";"11"
"b2";"50,02";"10,49";"1986";"3";"3,5";"69"
"b2";"50,02";"10,49";"1986";"4";"7,4";"60"
"b2";"50,02";"10,49";"1986";"5";"15,2";"55"
"b2";"50,02";"10,49";"1986";"6";"16,7";"61"
"b2";"50,02";"10,49";"1986";"7";"17,6";"40"
"b2";"50,02";"10,49";"1986";"8";"17,2";"81"
"b2";"50,02";"10,49";"1986";"9";"11,5";"58"
"b2";"50,02";"10,49";"1986";"10";"9,1";"81"
"b2";"50,02";"10,49";"1986";"11";"4,9";"33"
"b2";"50,02";"10,49";"1986";"12";"1,8";"88"
"b2";"50,02";"10,49";"1987";"1";"-5,7";"47"
"b2";"50,02";"10,49";"1987";"2";"-0,5";"53"
"b2";"50,02";"10,49";"1987";"3";"-0,2";"71"
"b2";"50,02";"10,49";"1987";"4";"9,9";"20"
"b2";"50,02";"10,49";"1987";"5";"10,3";"84"
"b2";"50,02";"10,49";"1987";"6";"14,6";"151"
"b2";"50,02";"10,49";"1987";"7";"17,9";"77"
"b2";"50,02";"10,49";"1987";"8";"16,0";"45"
"b2";"50,02";"10,49";"1987";"9";"15,1";"50"
"b2";"50,02";"10,49";"1987";"10";"9,2";"42"
"b2";"50,02";"10,49";"1987";"11";"4,6";"54"
"b2";"50,02";"10,49";"1987";"12";"1,9";"61"
"b2";"50,02";"10,49";"1988";"1";"3,1";"62"
"b2";"50,02";"10,49";"1988";"2";"2,1";"74"
"b2";"50,02";"10,49";"1988";"3";"3,2";"132"
"b2";"50,02";"10,49";"1988";"4";"9,0";"32"
"b2";"50,02";"10,49";"1988";"5";"15,2";"24"
"b2";"50,02";"10,49";"1988";"6";"15,8";"43"
"b2";"50,02";"10,49";"1988";"7";"17,6";"69"
"b2";"50,02";"10,49";"1988";"8";"18,0";"35"
"b2";"50,02";"10,49";"1988";"9";"13,6";"56"
"b2";"50,02";"10,49";"1988";"10";"10,1";"49"
"b2";"50,02";"10,49";"1988";"11";"2,5";"61"
"b2";"50,02";"10,49";"1988";"12";"3,4";"89"
"b2";"50,02";"10,49";"1989";"1";"1,7";"34"
"b2";"50,02";"10,49";"1989";"2";"2,9";"28"
"b2";"50,02";"10,49";"1989";"3";"6,9";"45"
"b2";"50,02";"10,49";"1989";"4";"7,6";"107"
"b2";"50,02";"10,49";"1989";"5";"14,7";"29"
"b2";"50,02";"10,49";"1989";"6";"15,7";"55"
"b2";"50,02";"10,49";"1989";"7";"18,7";"51"
"b2";"50,02";"10,49";"1989";"8";"17,5";"26"
"b2";"50,02";"10,49";"1989";"9";"14,8";"36"
"b2";"50,02";"10,49";"1989";"10";"9,6";"60"
"b2";"50,02";"10,49";"1989";"11";"2,2";"43"
"b2";"50,02";"10,49";"1989";"12";"2,0";"102"
"b2";"50,02";"10,49";"1990";"1";"1,8";"20"
"b2";"50,02";"10,49";"1990";"2";"5,1";"101"
"b2";"50,02";"10,49";"1990";"3";"6,9";"18"
"b2";"50,02";"10,49";"1990";"4";"7,8";"40"
"b2";"50,02";"10,49";"1990";"5";"14,7";"14"
"b2";"50,02";"10,49";"1990";"6";"15,5";"127"
"b2";"50,02";"10,49";"1990";"7";"17,2";"28"
"b2";"50,02";"10,49";"1990";"8";"19,0";"27"
"b2";"50,02";"10,49";"1990";"9";"11,9";"63"
"b2";"50,02";"10,49";"1990";"10";"9,4";"47"
"b2";"50,02";"10,49";"1990";"11";"4,6";"104"
"b2";"50,02";"10,49";"1990";"12";"0,4";"61"
"b2";"50,02";"10,49";"1991";"1";"1,5";"39"
"b2";"50,02";"10,49";"1991";"2";"-2,9";"19"
"b2";"50,02";"10,49";"1991";"3";"6,3";"24"
"b2";"50,02";"10,49";"1991";"4";"7,4";"26"
"b2";"50,02";"10,49";"1991";"5";"10,2";"27"
"b2";"50,02";"10,49";"1991";"6";"14,2";"73"
"b2";"50,02";"10,49";"1991";"7";"20,2";"49"
"b2";"50,02";"10,49";"1991";"8";"18,9";"11"
"b2";"50,02";"10,49";"1991";"9";"15,3";"43"
"b2";"50,02";"10,49";"1991";"10";"7,6";"14"
"b2";"50,02";"10,49";"1991";"11";"3,9";"78"
"b2";"50,02";"10,49";"1991";"12";"-0,3";"63"
"b2";"50,02";"10,49";"1992";"1";"0,9";"28"
"b2";"50,02";"10,49";"1992";"2";"2,2";"25"
"b2";"50,02";"10,49";"1992";"3";"4,9";"84"
"b2";"50,02";"10,49";"1992";"4";"8,2";"32"
"b2";"50,02";"10,49";"1992";"5";"15,5";"31"
"b2";"50,02";"10,49";"1992";"6";"17,3";"162"
"b2";"50,02";"10,49";"1992";"7";"18,8";"148"
"b2";"50,02";"10,49";"1992";"8";"19,7";"62"
"b2";"50,02";"10,49";"1992";"9";"13,2";"24"
"b2";"50,02";"10,49";"1992";"10";"6,6";"65"
"b2";"50,02";"10,49";"1992";"11";"5,4";"75"
"b2";"50,02";"10,49";"1992";"12";"0,9";"40"
"b2";"50,02";"10,49";"1993";"1";"2,3";"71"
"b2";"50,02";"10,49";"1993";"2";"-1,3";"17"
"b2";"50,02";"10,49";"1993";"3";"3,8";"9"
"b2";"50,02";"10,49";"1993";"4";"11,5";"32"
"b2";"50,02";"10,49";"1993";"5";"15,5";"34"
"b2";"50,02";"10,49";"1993";"6";"16,6";"53"
"b2";"50,02";"10,49";"1993";"7";"17,2";"62"
"b2";"50,02";"10,49";"1993";"8";"17,2";"24"
"b2";"50,02";"10,49";"1993";"9";"13,0";"55"
"b2";"50,02";"10,49";"1993";"10";"7,9";"60"
"b2";"50,02";"10,49";"1993";"11";"0,4";"30"
"b2";"50,02";"10,49";"1993";"12";"3,4";"156"
"b2";"50,02";"10,49";"1994";"1";"2,9";"63"
"b2";"50,02";"10,49";"1994";"2";"0,6";"36"
"b2";"50,02";"10,49";"1994";"3";"7,0";"67"
"b2";"50,02";"10,49";"1994";"4";"8,3";"58"
"b2";"50,02";"10,49";"1994";"5";"13,5";"47"
"b2";"50,02";"10,49";"1994";"6";"17,4";"40"
"b2";"50,02";"10,49";"1994";"7";"22,4";"96"
"b2";"50,02";"10,49";"1994";"8";"18,5";"65"
"b2";"50,02";"10,49";"1994";"9";"13,6";"53"
"b2";"50,02";"10,49";"1994";"10";"7,6";"52"
"b2";"50,02";"10,49";"1994";"11";"7,3";"41"
"b2";"50,02";"10,49";"1994";"12";"3,7";"58"
"b2";"50,02";"10,49";"1995";"1";"-0,3";"135"
"b2";"50,02";"10,49";"1995";"2";"4,6";"80"
"b2";"50,02";"10,49";"1995";"3";"3,3";"71"
"b2";"50,02";"10,49";"1995";"4";"10,0";"67"
"b2";"50,02";"10,49";"1995";"5";"12,7";"48"
"b2";"50,02";"10,49";"1995";"6";"14,9";"64"
"b2";"50,02";"10,49";"1995";"7";"20,8";"103"
"b2";"50,02";"10,49";"1995";"8";"18,4";"80"
"b2";"50,02";"10,49";"1995";"9";"12,6";"94"
"b2";"50,02";"10,49";"1995";"10";"11,7";"26"
"b2";"50,02";"10,49";"1995";"11";"2,7";"39"
"b2";"50,02";"10,49";"1995";"12";"-0,8";"54"
"b2";"50,02";"10,49";"1996";"1";"-2,4";"2"
"b2";"50,02";"10,49";"1996";"2";"-1,4";"35"
"b2";"50,02";"10,49";"1996";"3";"1,8";"21"
"b2";"50,02";"10,49";"1996";"4";"8,7";"26"
"b2";"50,02";"10,49";"1996";"5";"11,8";"79"
"b2";"50,02";"10,49";"1996";"6";"16,6";"36"
"b2";"50,02";"10,49";"1996";"7";"16,3";"123"
"b2";"50,02";"10,49";"1996";"8";"17,3";"55"
"b2";"50,02";"10,49";"1996";"9";"11,1";"28"
"b2";"50,02";"10,49";"1996";"10";"9,4";"84"
"b2";"50,02";"10,49";"1996";"11";"4,7";"55"
"b2";"50,02";"10,49";"1996";"12";"-2,4";"31"
"b2";"50,02";"10,49";"1997";"1";"-3,0";"28"
"b2";"50,02";"10,49";"1997";"2";"3,8";"86"
"b2";"50,02";"10,49";"1997";"3";"6,8";"43"
"b2";"50,02";"10,49";"1997";"4";"7,0";"21"
"b2";"50,02";"10,49";"1997";"5";"13,5";"26"
"b2";"50,02";"10,49";"1997";"6";"16,2";"101"
"b2";"50,02";"10,49";"1997";"7";"17,4";"110"
"b2";"50,02";"10,49";"1997";"8";"20,2";"12"
"b2";"50,02";"10,49";"1997";"9";"14,0";"19"
"b2";"50,02";"10,49";"1997";"10";"7,5";"50"
"b2";"50,02";"10,49";"1997";"11";"4,3";"42"
"b2";"50,02";"10,49";"1997";"12";"2,3";"49"
"b2";"50,02";"10,49";"1998";"1";"2,0";"51"
"b2";"50,02";"10,49";"1998";"2";"3,1";"13"
"b2";"50,02";"10,49";"1998";"3";"5,5";"32"
"b2";"50,02";"10,49";"1998";"4";"9,5";"54"
"b2";"50,02";"10,49";"1998";"5";"14,6";"31"
"b2";"50,02";"10,49";"1998";"6";"17,2";"42"
"b2";"50,02";"10,49";"1998";"7";"17,1";"69"
"b2";"50,02";"10,49";"1998";"8";"17,5";"37"
"b2";"50,02";"10,49";"1998";"9";"13,4";"125"
"b2";"50,02";"10,49";"1998";"10";"9,3";"181"
"b2";"50,02";"10,49";"1998";"11";"2,0";"66"
"b2";"50,02";"10,49";"1998";"12";"0,8";"33"
"b2";"50,02";"10,49";"1999";"1";"2,2";"64"
"b2";"50,02";"10,49";"1999";"2";"0,2";"57"
"b2";"50,02";"10,49";"1999";"3";"5,8";"55"
"b2";"50,02";"10,49";"1999";"4";"9,4";"43"
"b2";"50,02";"10,49";"1999";"5";"14,5";"64"
"b2";"50,02";"10,49";"1999";"6";"15,9";"64"
"b2";"50,02";"10,49";"1999";"7";"19,5";"91"
"b2";"50,02";"10,49";"1999";"8";"17,5";"40"
"b2";"50,02";"10,49";"1999";"9";"17,0";"57"
"b2";"50,02";"10,49";"1999";"10";"8,7";"27"
"b2";"50,02";"10,49";"1999";"11";"3,1";"58"
"b2";"50,02";"10,49";"1999";"12";"1,9";"86"
"b2";"50,02";"10,49";"2000";"1";"0,9";"37"
"b2";"50,02";"10,49";"2000";"2";"3,7";"81"
"b2";"50,02";"10,49";"2000";"3";"5,9";"69"
"b2";"50,02";"10,49";"2000";"4";"10,5";"28"
"b2";"50,02";"10,49";"2000";"5";"15,3";"41"
"b2";"50,02";"10,49";"2000";"6";"18,0";"41"
"b2";"50,02";"10,49";"2000";"7";"15,7";"139"
"b2";"50,02";"10,49";"2000";"8";"18,4";"70"
"b2";"50,02";"10,49";"2000";"9";"14,1";"70"
"b2";"50,02";"10,49";"2000";"10";"10,4";"48"
"b2";"50,02";"10,49";"2000";"11";"5,9";"47"
"b2";"50,02";"10,49";"2000";"12";"2,4";"29"
"b2";"50,02";"10,49";"2001";"1";"0,6";"65"
"b2";"50,02";"10,49";"2001";"2";"2,9";"43"
"b2";"50,02";"10,49";"2001";"3";"5,6";"122"
"b2";"50,02";"10,49";"2001";"4";"7,6";"61"
"b2";"50,02";"10,49";"2001";"5";"15,7";"29"
"b2";"50,02";"10,49";"2001";"6";"15,0";"70"
"b2";"50,02";"10,49";"2001";"7";"19,3";"55"
"b2";"50,02";"10,49";"2001";"8";"19,3";"50"
"b2";"50,02";"10,49";"2001";"9";"11,9";"99"
"b2";"50,02";"10,49";"2001";"10";"12,1";"54"
"b2";"50,02";"10,49";"2001";"11";"3,3";"96"
"b2";"50,02";"10,49";"2001";"12";"-0,4";"75"
"b2";"50,02";"10,49";"2002";"1";"0,0";"37"
"b2";"50,02";"10,49";"2002";"2";"5,2";"115"
"b2";"50,02";"10,49";"2002";"3";"5,8";"43"
"b2";"50,02";"10,49";"2002";"4";"8,9";"36"
"b2";"50,02";"10,49";"2002";"5";"14,3";"78"
"b2";"50,02";"10,49";"2002";"6";"18,3";"56"
"b2";"50,02";"10,49";"2002";"7";"18,4";"103"
"b2";"50,02";"10,49";"2002";"8";"19,2";"62"
"b2";"50,02";"10,49";"2002";"9";"13,1";"44"
"b2";"50,02";"10,49";"2002";"10";"8,7";"118"
"b2";"50,02";"10,49";"2002";"11";"6,4";"117"
"b2";"50,02";"10,49";"2002";"12";"1,4";"75"
"b2";"50,02";"10,49";"2003";"1";"-0,2";"76"
"b2";"50,02";"10,49";"2003";"2";"-1,6";"21"
"b2";"50,02";"10,49";"2003";"3";"6,0";"17"
"b2";"50,02";"10,49";"2003";"4";"9,2";"17"
"b2";"50,02";"10,49";"2003";"5";"15,1";"66"
"b2";"50,02";"10,49";"2003";"6";"21,0";"41"
"b2";"50,02";"10,49";"2003";"7";"19,9";"50"
"b2";"50,02";"10,49";"2003";"8";"22,4";"18"
"b2";"50,02";"10,49";"2003";"9";"13,8";"32"
"b2";"50,02";"10,49";"2003";"10";"6,4";"55"
"b2";"50,02";"10,49";"2003";"11";"5,6";"39"
"b2";"50,02";"10,49";"2003";"12";"1,5";"39"
"b2";"50,02";"10,49";"2004";"1";"0,0";"84"
"b2";"50,02";"10,49";"2004";"2";"2,9";"23"
"b2";"50,02";"10,49";"2004";"3";"4,1";"26"
"b2";"50,02";"10,49";"2004";"4";"10,2";"26"
"b2";"50,02";"10,49";"2004";"5";"11,8";"88"
"b2";"50,02";"10,49";"2004";"6";"16,0";"52"
"b2";"50,02";"10,49";"2004";"7";"17,7";"118"
"b2";"50,02";"10,49";"2004";"8";"19,1";"68"
"b2";"50,02";"10,49";"2004";"9";"14,4";"76"
"b2";"50,02";"10,49";"2004";"10";"9,9";"37"
"b2";"50,02";"10,49";"2004";"11";"4,3";"51"
"b2";"50,02";"10,49";"2004";"12";"0,4";"35"
"b2";"50,02";"10,49";"2005";"1";"1,7";"61"
"b2";"50,02";"10,49";"2005";"2";"-1,4";"56"
"b2";"50,02";"10,49";"2005";"3";"4,3";"24"
"b2";"50,02";"10,49";"2005";"4";"10,1";"69"
"b2";"50,02";"10,49";"2005";"5";"13,6";"53"
"b2";"50,02";"10,49";"2005";"6";"17,6";"37"
"b2";"50,02";"10,49";"2005";"7";"19,0";"84"
"b2";"50,02";"10,49";"2005";"8";"16,3";"67"
"b2";"50,02";"10,49";"2005";"9";"15,3";"61"
"b2";"50,02";"10,49";"2005";"10";"10,9";"28"
"b2";"50,02";"10,49";"2005";"11";"3,6";"41"
"b2";"50,02";"10,49";"2005";"12";"0,5";"51"
"b2";"50,02";"10,49";"2006";"1";"-2,1";"18"
"b2";"50,02";"10,49";"2006";"2";"-0,3";"48"
"b2";"50,02";"10,49";"2006";"3";"2,1";"72"
"b2";"50,02";"10,49";"2006";"4";"8,8";"55"
"b2";"50,02";"10,49";"2006";"5";"13,6";"109"
"b2";"50,02";"10,49";"2006";"6";"17,4";"45"
"b2";"50,02";"10,49";"2006";"7";"22,8";"48"
"b2";"50,02";"10,49";"2006";"8";"15,4";"89"
"b2";"50,02";"10,49";"2006";"9";"17,2";"25"
"b2";"50,02";"10,49";"2006";"10";"11,7";"79"
"b2";"50,02";"10,49";"2006";"11";"6,7";"39"
"b2";"50,02";"10,49";"2006";"12";"3,9";"34"
"b2";"50,02";"10,49";"2007";"1";"4,5";"68"
"b2";"50,02";"10,49";"2007";"2";"4,4";"74"
"b2";"50,02";"10,49";"2007";"3";"6,3";"50"
"b2";"50,02";"10,49";"2007";"4";"12,4";"1"
"b2";"50,02";"10,49";"2007";"5";"14,9";"111"
"b2";"50,02";"10,49";"2007";"6";"17,9";"114"
"b2";"50,02";"10,49";"2007";"7";"17,7";"129"
"b2";"50,02";"10,49";"2007";"8";"17,2";"48"
"b2";"50,02";"10,49";"2007";"9";"12,3";"86"
"b2";"50,02";"10,49";"2007";"10";"8,3";"10"
"b2";"50,02";"10,49";"2007";"11";"3,3";"82"
"b2";"50,02";"10,49";"2007";"12";"1,3";"54"
"b2";"50,02";"10,49";"2008";"1";"3,4";"46"
"b2";"50,02";"10,49";"2008";"2";"3,7";"59"
"b2";"50,02";"10,49";"2008";"3";"4,6";"77"
"b2";"50,02";"10,49";"2008";"4";"8,1";"83"
"b2";"50,02";"10,49";"2008";"5";"15,7";"11"
"b2";"50,02";"10,49";"2008";"6";"18,0";"44"
"b2";"50,02";"10,49";"2008";"7";"18,9";"44"
"b2";"50,02";"10,49";"2008";"8";"18,0";"54"
"b2";"50,02";"10,49";"2008";"9";"12,2";"74"
"b2";"50,02";"10,49";"2008";"10";"8,7";"71"
"b2";"50,02";"10,49";"2008";"11";"5,0";"33"
"b2";"50,02";"10,49";"2008";"12";"1,0";"58"
"b2";"50,02";"10,49";"2009";"1";"-3,4";"25"
"b2";"50,02";"10,49";"2009";"2";"0,4";"52"
"b2";"50,02";"10,49";"2009";"3";"4,5";"61"
"b2";"50,02";"10,49";"2009";"4";"12,8";"55"
"b2";"50,02";"10,49";"2009";"5";"14,4";"60"
"b2";"50,02";"10,49";"2009";"6";"15,6";"54"
"b2";"50,02";"10,49";"2009";"7";"18,4";"82"
"b2";"50,02";"10,49";"2009";"8";"19,3";"35"
"b2";"50,02";"10,49";"2009";"9";"15,3";"45"
"b2";"50,02";"10,49";"2009";"10";"8,2";"54"
"b2";"50,02";"10,49";"2009";"11";"7,3";"83"
"b2";"50,02";"10,49";"2009";"12";"0,6";"99"
"b2";"50,02";"10,49";"2010";"1";"-3,2";"37"
"b2";"50,02";"10,49";"2010";"2";"-0,1";"37"
"b2";"50,02";"10,49";"2010";"3";"4,6";"34"
"b2";"50,02";"10,49";"2010";"4";"9,5";"17"
"b2";"50,02";"10,49";"2010";"5";"11,4";"84"
"b2";"50,02";"10,49";"2010";"6";"17,5";"28"
"b2";"50,02";"10,49";"2010";"7";"20,7";"86"
"b2";"50,02";"10,49";"2010";"8";"16,8";"168"
"b2";"50,02";"10,49";"2010";"9";"12,3";"47"
"b2";"50,02";"10,49";"2010";"10";"8,0";"27"
"b2";"50,02";"10,49";"2010";"11";"5,4";"93"
"b2";"50,02";"10,49";"2010";"12";"-3,5";"95"
"b2";"50,02";"10,49";"2011";"1";"0,8";"55"
"b2";"50,02";"10,49";"2011";"2";"1,1";"29"
"b2";"50,02";"10,49";"2011";"3";"6,0";"11"
"b2";"50,02";"10,49";"2011";"4";"12,4";"21"
"b2";"50,02";"10,49";"2011";"5";"14,6";"26"
"b2";"50,02";"10,49";"2011";"6";"17,0";"68"
"b2";"50,02";"10,49";"2011";"7";"16,6";"96"
"b2";"50,02";"10,49";"2011";"8";"18,6";"57"
"b2";"50,02";"10,49";"2011";"9";"15,8";"44"
"b2";"50,02";"10,49";"2011";"10";"9,3";"53"
"b2";"50,02";"10,49";"2011";"11";"4,2";"1"
"b2";"50,02";"10,49";"2011";"12";"3,8";"122"
"b2";"50,02";"10,49";"2012";"1";"1,9";"81"
"b2";"50,02";"10,49";"2012";"2";"-2,8";"16"
"b2";"50,02";"10,49";"2012";"3";"7,5";"8"
"b2";"50,02";"10,49";"2012";"4";"9,1";"22"
"b2";"50,02";"10,49";"2012";"5";"15,5";"40"
"b2";"50,02";"10,49";"2012";"6";"16,5";"98"
"b2";"50,02";"10,49";"2012";"7";"18,1";"77"
"b2";"50,02";"10,49";"2012";"8";"19,5";"42"
"b2";"50,02";"10,49";"2012";"9";"14,0";"48"
"b2";"50,02";"10,49";"2012";"10";"8,2";"43"
"b2";"50,02";"10,49";"2012";"11";"5,1";"78"
"b2";"50,02";"10,49";"2012";"12";"1,9";"111"
"b2";"50,02";"10,49";"2013";"1";"0,5";"43"
"b2";"50,02";"10,49";"2013";"2";"-0,6";"36"
"b2";"50,02";"10,49";"2013";"3";"1,1";"24"
"b2";"50,02";"10,49";"2013";"4";"9,1";"50"
"b2";"50,02";"10,49";"2013";"5";"12,1";"144"
"b2";"50,02";"10,49";"2013";"6";"16,4";"60"
"b2";"50,02";"10,49";"2013";"7";"20,5";"40"
"b2";"50,02";"10,49";"2013";"8";"18,5";"50"
"b2";"50,02";"10,49";"2013";"9";"13,7";"79"
"b2";"50,02";"10,49";"2013";"10";"10,2";"57"
"b2";"50,02";"10,49";"2013";"11";"4,6";"66"
"b2";"50,02";"10,49";"2013";"12";"3,3";"33"
"b2";"50,02";"10,49";"2014";"1";"2,7";"38"
"b2";"50,02";"10,49";"2014";"2";"4,2";"36"
"b2";"50,02";"10,49";"2014";"3";"7,6";"10"
"b2";"50,02";"10,49";"2014";"4";"11,8";"38"
"b2";"50,02";"10,49";"2014";"5";"12,9";"67"
"b2";"50,02";"10,49";"2014";"6";"17,0";"17"
"b2";"50,02";"10,49";"2014";"7";"19,8";"110"
"b2";"50,02";"10,49";"2014";"8";"16,3";"101"
"b2";"50,02";"10,49";"2014";"9";"15,0";"47"
"b2";"50,02";"10,49";"2014";"10";"11,7";"54"
"b2";"50,02";"10,49";"2014";"11";"6,2";"29"
"b2";"50,02";"10,49";"2014";"12";"2,9";"60"
"b2";"50,02";"10,49";"2015";"1";"2,2";"66"
"b2";"50,02";"10,49";"2015";"2";"0,4";"9"
"b2";"50,02";"10,49";"2015";"3";"5,6";"36"
"b2";"50,02";"10,49";"2015";"4";"9,2";"18"
"b2";"50,02";"10,49";"2015";"5";"13,5";"24"
"b2";"50,02";"10,49";"2015";"6";"16,9";"44"
"b2";"50,02";"10,49";"2015";"7";"21,0";"59"
"b2";"50,02";"10,49";"2015";"8";"21,3";"40"
"b2";"50,02";"10,49";"2015";"9";"13,1";"36"
"b2";"50,02";"10,49";"2015";"10";"8,4";"34"
"b2";"50,02";"10,49";"2015";"11";"7,5";"96"
"b2";"50,02";"10,49";"2015";"12";"6,1";"38"
"b2";"50,02";"10,49";"2016";"1";"1,1";"75"
"b2";"50,02";"10,49";"2016";"2";"3,5";"71"
"b2";"50,02";"10,49";"2016";"3";"4,4";"46"
"b2";"50,02";"10,49";"2016";"4";"8,4";"45"
"b2";"50,02";"10,49";"2016";"5";"14,0";"59"
"b2";"50,02";"10,49";"2016";"6";"17,2";"93"
"b2";"50,02";"10,49";"2016";"7";"19,3";"40"
"b2";"50,02";"10,49";"2016";"8";"18,5";"28"
"b2";"50,02";"10,49";"2016";"9";"17,3";"29"
"b2";"50,02";"10,49";"2016";"10";"8,6";"37"
"b2";"50,02";"10,49";"2016";"11";"3,9";"66"
"b2";"50,02";"10,49";"2016";"12";"1,2";"11"
"b2";"50,02";"10,49";"2017";"1";"-3,2";"25"
"b2";"50,02";"10,49";"2017";"2";"3,4";"28"
"b2";"50,02";"10,49";"2017";"3";"7,8";"43"
"b2";"50,02";"10,49";"2017";"4";"8,2";"21"
"b2";"50,02";"10,49";"2017";"5";"14,7";"57"
"b2";"50,02";"10,49";"2017";"6";"18,7";"65"
"b2";"50,02";"10,49";"2017";"7";"19,1";"136"
"b2";"50,02";"10,49";"2017";"8";"18,7";"61"
"b2";"50,02";"10,49";"2017";"9";"12,6";"62"
"b2";"50,02";"10,49";"2017";"10";"10,9";"49"
"b2";"50,02";"10,49";"2017";"11";"4,9";"78"
"b2";"50,02";"10,49";"2017";"12";"2,5";"69"
"b2";"50,02";"10,49";"2018";"1";"4,2";"68"
"b2";"50,02";"10,49";"2018";"2";"-2,1";"13"
"b2";"50,02";"10,49";"2018";"3";"3,1";"55"
"b2";"50,02";"10,49";"2018";"4";"13,4";"32"
"b2";"50,02";"10,49";"2018";"5";"16,8";"57"
"b2";"50,02";"10,49";"2018";"6";"18,6";"38"
"b2";"50,02";"10,49";"2018";"7";"21,2";"45"
"b2";"50,02";"10,49";"2018";"8";"20,9";"21"
"b2";"50,02";"10,49";"2018";"9";"15,4";"32"
"b2";"50,02";"10,49";"2018";"10";"10,8";"15"
"b2";"50,02";"10,49";"2018";"11";"5,5";"14"
"b2";"50,02";"10,49";"2018";"12";"3,7";"104"
"b2";"50,02";"10,49";"2019";"1";"0,4";"54"
"b2";"50,02";"10,49";"2019";"2";"3,4";"12"
"b2";"50,02";"10,49";"2019";"3";"7,0";"58"
"b2";"50,02";"10,49";"2019";"4";"10,6";"28"
"b2";"50,02";"10,49";"2019";"5";"11,4";"84"
"b2";"50,02";"10,49";"2019";"6";"20,3";"57"
"b2";"50,02";"10,49";"2019";"7";"20,0";"33"
"b2";"50,02";"10,49";"2019";"8";"19,6";"42"
"b2";"50,02";"10,49";"2019";"9";"14,5";"43"
"b2";"50,02";"10,49";"2019";"10";"10,8";"72"
"b2";"50,02";"10,49";"2019";"11";"5,4";"59"
"b2";"50,02";"10,49";"2019";"12";"3,3";"66"
"b2";"50,02";"10,49";"2020";"1";"2,7";"34"
"b2";"50,02";"10,49";"2020";"2";"5,2";"108"
"b2";"50,02";"10,49";"2020";"3";"5,9";"40"
"b2";"50,02";"10,49";"2020";"4";"11,3";"13"
"b2";"50,02";"10,49";"2020";"5";"12,9";"41"
"b2";"50,02";"10,49";"2020";"6";"17,1";"97"
"b2";"50,02";"10,49";"2020";"7";"19,0";"21"
"b2";"50,02";"10,49";"2020";"8";"20,7";"63"
"b2";"50,02";"10,49";"2020";"9";"15,4";"28"
"b2";"50,02";"10,49";"2020";"10";"10,1";"56"
"b2";"50,02";"10,49";"2020";"11";"5,4";"19"
"b2";"50,02";"10,49";"2020";"12";"2,7";"51"
"b2";"50,02";"10,49";"2021";"1";"0,6";"76"
"b2";"50,02";"10,49";"2021";"2";"1,6";"52"
"b2";"50,02";"10,49";"2021";"3";"5,1";"34"
"b2";"50,02";"10,49";"2021";"4";"6,7";"18"
"b2";"50,02";"10,49";"2021";"5";"11,0";"75"
"b2";"50,02";"10,49";"2021";"6";"19,6";"102"
"b2";"50,02";"10,49";"2021";"7";"18,5";"123"
"b2";"50,02";"10,49";"2021";"8";"16,8";"93"
"b2";"50,02";"10,49";"2021";"9";"15,7";"23"
"b2";"50,02";"10,49";"2021";"10";"8,9";"45"
"b2";"50,02";"10,49";"2021";"11";"4,4";"31"
"b2";"50,02";"10,49";"2021";"12";"2,9";"63"
"b2";"50,02";"10,49";"2022";"1";"2,5";"66"
"b2";"50,02";"10,49";"2022";"2";"4,5";"58"
"b2";"50,02";"10,49";"2022";"3";"5,5";"12"
"b2";"50,02";"10,49";"2022";"4";"8,3";"77"
"b2";"50,02";"10,49";"2022";"5";"15,7";"24"
"b2";"50,02";"10,49";"2022";"6";"19,7";"16"
"b2";"50,02";"10,49";"2022";"7";"20,4";"33"
"b2";"50,02";"10,49";"2022";"8";"21,5";"21"
"b2";"50,02";"10,49";"2022";"9";"13,7";"134"
"b2";"50,02";"10,49";"2022";"10";"12,4";"57"
"b2";"50,02";"10,49";"2022";"11";"6,4";"46"
"b2";"50,02";"10,49";"2022";"12";"2,0";"63"
"b2";"50,02";"10,49";"2023";"1";"3,5";"59"
"b2";"50,02";"10,49";"2023";"2";"3,0";"47"
"b2";"50,02";"10,49";"2023";"3";"6,4";"97"
"b2";"50,02";"10,49";"2023";"4";"8,3";"57"
"b2";"50,02";"10,49";"2023";"5";"14,3";"20"
"b2";"50,02";"10,49";"2023";"6";"19,5";"28"
"b2";"50,02";"10,49";"2023";"7";"19,8";"93"
"b2";"50,02";"10,49";"2023";"8";"19,1";"113"
"b2";"50,02";"10,49";"2023";"9";"17,5";"16"
"b2";"50,02";"10,49";"2023";"10";"11,9";"97"
"b2";"50,02";"10,49";"2023";"11";"5,8";"95"
"b2";"50,02";"10,49";"2023";"12";"4,1";"84"
